solid OpenSCAD_Model
  facet normal 1 -0 0
    outer loop
      vertex -12 -292 -18
      vertex -12 -252 -53
      vertex -12 -252 -18
    endloop
  endfacet
  facet normal 1 0 0
    outer loop
      vertex -12 -252 -53
      vertex -12 -292 -18
      vertex -12 -292 -53
    endloop
  endfacet
  facet normal 0 0 -1
    outer loop
      vertex -52 -252 -18
      vertex -12 252 -18
      vertex -12 -252 -18
    endloop
  endfacet
  facet normal -0 0 -1
    outer loop
      vertex -12 252 -18
      vertex -52 -252 -18
      vertex -52 252 -18
    endloop
  endfacet
  facet normal 0 0 -1
    outer loop
      vertex 292 -252 -18
      vertex 332 252 -18
      vertex 332 -252 -18
    endloop
  endfacet
  facet normal -0 0 -1
    outer loop
      vertex 332 252 -18
      vertex 292 -252 -18
      vertex 292 252 -18
    endloop
  endfacet
  facet normal 0 0 -1
    outer loop
      vertex 332 -252 -18
      vertex 340 -300 -18
      vertex 332 -292 -18
    endloop
  endfacet
  facet normal 0 0 -1
    outer loop
      vertex 340 -300 -18
      vertex 292 -292 -18
      vertex 332 -292 -18
    endloop
  endfacet
  facet normal 0 0 -1
    outer loop
      vertex -12 -252 -18
      vertex 292 -252 -18
      vertex 292 -292 -18
    endloop
  endfacet
  facet normal 0 0 -1
    outer loop
      vertex 292 -252 -18
      vertex -12 -252 -18
      vertex 292 252 -18
    endloop
  endfacet
  facet normal 0 0 -1
    outer loop
      vertex -12 -252 -18
      vertex 292 -292 -18
      vertex -12 -292 -18
    endloop
  endfacet
  facet normal 0 0 -1
    outer loop
      vertex 340 -300 -18
      vertex -12 -292 -18
      vertex 292 -292 -18
    endloop
  endfacet
  facet normal 0 0 -1
    outer loop
      vertex -60 -300 -18
      vertex -12 -292 -18
      vertex 340 -300 -18
    endloop
  endfacet
  facet normal 0 0 -1
    outer loop
      vertex -60 -300 -18
      vertex -52 -252 -18
      vertex -52 -292 -18
    endloop
  endfacet
  facet normal -0 0 -1
    outer loop
      vertex -52 -252 -18
      vertex -60 -300 -18
      vertex -52 252 -18
    endloop
  endfacet
  facet normal 0 0 -1
    outer loop
      vertex -60 300 -18
      vertex -52 252 -18
      vertex -60 -300 -18
    endloop
  endfacet
  facet normal -0 0 -1
    outer loop
      vertex -12 -292 -18
      vertex -60 -300 -18
      vertex -52 -292 -18
    endloop
  endfacet
  facet normal 0 0 -1
    outer loop
      vertex 340 -300 -18
      vertex 332 -252 -18
      vertex 340 300 -18
    endloop
  endfacet
  facet normal 0 0 -1
    outer loop
      vertex 332 252 -18
      vertex 340 300 -18
      vertex 332 -252 -18
    endloop
  endfacet
  facet normal 0 0 -1
    outer loop
      vertex 332 292 -18
      vertex 340 300 -18
      vertex 332 252 -18
    endloop
  endfacet
  facet normal 0 0 -1
    outer loop
      vertex 292 292 -18
      vertex 340 300 -18
      vertex 332 292 -18
    endloop
  endfacet
  facet normal 0 0 -1
    outer loop
      vertex -12 252 -18
      vertex 292 252 -18
      vertex -12 -252 -18
    endloop
  endfacet
  facet normal 0 0 -1
    outer loop
      vertex 292 252 -18
      vertex -12 252 -18
      vertex 292 292 -18
    endloop
  endfacet
  facet normal 0 0 -1
    outer loop
      vertex -12 292 -18
      vertex 292 292 -18
      vertex -12 252 -18
    endloop
  endfacet
  facet normal 0 0 -1
    outer loop
      vertex 292 292 -18
      vertex -12 292 -18
      vertex 340 300 -18
    endloop
  endfacet
  facet normal 0 0 -1
    outer loop
      vertex -60 300 -18
      vertex -12 292 -18
      vertex -52 292 -18
    endloop
  endfacet
  facet normal 0 0 -1
    outer loop
      vertex -12 292 -18
      vertex -60 300 -18
      vertex 340 300 -18
    endloop
  endfacet
  facet normal 0 0 -1
    outer loop
      vertex -52 252 -18
      vertex -60 300 -18
      vertex -52 292 -18
    endloop
  endfacet
  facet normal 0 0 -1
    outer loop
      vertex -52 -292 -53
      vertex -12 -252 -53
      vertex -12 -292 -53
    endloop
  endfacet
  facet normal -0 0 -1
    outer loop
      vertex -12 -252 -53
      vertex -52 -292 -53
      vertex -52 -252 -53
    endloop
  endfacet
  facet normal -1 0 0
    outer loop
      vertex -52 -292 -53
      vertex -52 -252 -18
      vertex -52 -252 -53
    endloop
  endfacet
  facet normal -1 -0 0
    outer loop
      vertex -52 -252 -18
      vertex -52 -292 -53
      vertex -52 -292 -18
    endloop
  endfacet
  facet normal 0 1 -0
    outer loop
      vertex -12 -252 -53
      vertex -52 -252 -18
      vertex -12 -252 -18
    endloop
  endfacet
  facet normal 0 1 0
    outer loop
      vertex -52 -252 -18
      vertex -12 -252 -53
      vertex -52 -252 -53
    endloop
  endfacet
  facet normal 0 -1 0
    outer loop
      vertex -52 -292 -53
      vertex -12 -292 -18
      vertex -52 -292 -18
    endloop
  endfacet
  facet normal 0 -1 -0
    outer loop
      vertex -12 -292 -18
      vertex -52 -292 -53
      vertex -12 -292 -53
    endloop
  endfacet
  facet normal 1 -0 0
    outer loop
      vertex -12 252 -18
      vertex -12 292 -53
      vertex -12 292 -18
    endloop
  endfacet
  facet normal 1 0 0
    outer loop
      vertex -12 292 -53
      vertex -12 252 -18
      vertex -12 252 -53
    endloop
  endfacet
  facet normal 0 0 -1
    outer loop
      vertex -52 252 -53
      vertex -12 292 -53
      vertex -12 252 -53
    endloop
  endfacet
  facet normal -0 0 -1
    outer loop
      vertex -12 292 -53
      vertex -52 252 -53
      vertex -52 292 -53
    endloop
  endfacet
  facet normal -1 0 0
    outer loop
      vertex -52 252 -53
      vertex -52 292 -18
      vertex -52 292 -53
    endloop
  endfacet
  facet normal -1 -0 0
    outer loop
      vertex -52 292 -18
      vertex -52 252 -53
      vertex -52 252 -18
    endloop
  endfacet
  facet normal 0 1 -0
    outer loop
      vertex -12 292 -53
      vertex -52 292 -18
      vertex -12 292 -18
    endloop
  endfacet
  facet normal 0 1 0
    outer loop
      vertex -52 292 -18
      vertex -12 292 -53
      vertex -52 292 -53
    endloop
  endfacet
  facet normal 0 -1 0
    outer loop
      vertex -52 252 -53
      vertex -12 252 -18
      vertex -52 252 -18
    endloop
  endfacet
  facet normal 0 -1 -0
    outer loop
      vertex -12 252 -18
      vertex -52 252 -53
      vertex -12 252 -53
    endloop
  endfacet
  facet normal 1 -0 0
    outer loop
      vertex 332 -292 -18
      vertex 332 -252 -53
      vertex 332 -252 -18
    endloop
  endfacet
  facet normal 1 0 0
    outer loop
      vertex 332 -252 -53
      vertex 332 -292 -18
      vertex 332 -292 -53
    endloop
  endfacet
  facet normal 0 0 -1
    outer loop
      vertex 292 -292 -53
      vertex 332 -252 -53
      vertex 332 -292 -53
    endloop
  endfacet
  facet normal -0 0 -1
    outer loop
      vertex 332 -252 -53
      vertex 292 -292 -53
      vertex 292 -252 -53
    endloop
  endfacet
  facet normal -1 0 0
    outer loop
      vertex 292 -292 -53
      vertex 292 -252 -18
      vertex 292 -252 -53
    endloop
  endfacet
  facet normal -1 -0 0
    outer loop
      vertex 292 -252 -18
      vertex 292 -292 -53
      vertex 292 -292 -18
    endloop
  endfacet
  facet normal 0 1 -0
    outer loop
      vertex 332 -252 -53
      vertex 292 -252 -18
      vertex 332 -252 -18
    endloop
  endfacet
  facet normal 0 1 0
    outer loop
      vertex 292 -252 -18
      vertex 332 -252 -53
      vertex 292 -252 -53
    endloop
  endfacet
  facet normal 0 -1 0
    outer loop
      vertex 292 -292 -53
      vertex 332 -292 -18
      vertex 292 -292 -18
    endloop
  endfacet
  facet normal 0 -1 -0
    outer loop
      vertex 332 -292 -18
      vertex 292 -292 -53
      vertex 332 -292 -53
    endloop
  endfacet
  facet normal 1 -0 0
    outer loop
      vertex 332 252 -18
      vertex 332 292 -53
      vertex 332 292 -18
    endloop
  endfacet
  facet normal 1 0 0
    outer loop
      vertex 332 292 -53
      vertex 332 252 -18
      vertex 332 252 -53
    endloop
  endfacet
  facet normal 0 0 -1
    outer loop
      vertex 292 252 -53
      vertex 332 292 -53
      vertex 332 252 -53
    endloop
  endfacet
  facet normal -0 0 -1
    outer loop
      vertex 332 292 -53
      vertex 292 252 -53
      vertex 292 292 -53
    endloop
  endfacet
  facet normal -1 0 0
    outer loop
      vertex 292 252 -53
      vertex 292 292 -18
      vertex 292 292 -53
    endloop
  endfacet
  facet normal -1 -0 0
    outer loop
      vertex 292 292 -18
      vertex 292 252 -53
      vertex 292 252 -18
    endloop
  endfacet
  facet normal 0 1 -0
    outer loop
      vertex 332 292 -53
      vertex 292 292 -18
      vertex 332 292 -18
    endloop
  endfacet
  facet normal 0 1 0
    outer loop
      vertex 292 292 -18
      vertex 332 292 -53
      vertex 292 292 -53
    endloop
  endfacet
  facet normal 0 -1 0
    outer loop
      vertex 292 252 -53
      vertex 332 252 -18
      vertex 292 252 -18
    endloop
  endfacet
  facet normal 0 -1 -0
    outer loop
      vertex 332 252 -18
      vertex 292 252 -53
      vertex 332 252 -53
    endloop
  endfacet
  facet normal 0.896921 0.442191 0
    outer loop
      vertex 25.6442 24.2912 15
      vertex 25.4996 24.5845 14
      vertex 25.4996 24.5845 15
    endloop
  endfacet
  facet normal 0.896921 0.442191 0
    outer loop
      vertex 25.4996 24.5845 14
      vertex 25.6442 24.2912 15
      vertex 25.6442 24.2912 14
    endloop
  endfacet
  facet normal -0.946926 0.321453 0
    outer loop
      vertex 20.9197 23.9816 14
      vertex 21.0248 24.2912 15
      vertex 21.0248 24.2912 14
    endloop
  endfacet
  facet normal -0.946926 0.321453 0
    outer loop
      vertex 21.0248 24.2912 15
      vertex 20.9197 23.9816 14
      vertex 20.9197 23.9816 15
    endloop
  endfacet
  facet normal 0.555617 0.831438 -0
    outer loop
      vertex 24.8564 25.3179 14
      vertex 24.5845 25.4996 15
      vertex 24.8564 25.3179 15
    endloop
  endfacet
  facet normal 0.555617 0.831438 0
    outer loop
      vertex 24.5845 25.4996 15
      vertex 24.8564 25.3179 14
      vertex 24.5845 25.4996 14
    endloop
  endfacet
  facet normal 0.442191 0.896921 -0
    outer loop
      vertex 24.5845 25.4996 14
      vertex 24.2912 25.6442 15
      vertex 24.5845 25.4996 15
    endloop
  endfacet
  facet normal 0.442191 0.896921 0
    outer loop
      vertex 24.2912 25.6442 15
      vertex 24.5845 25.4996 14
      vertex 24.2912 25.6442 14
    endloop
  endfacet
  facet normal 0.997856 0.0654432 0
    outer loop
      vertex 25.8345 23.3345 15
      vertex 25.8131 23.6608 14
      vertex 25.8131 23.6608 15
    endloop
  endfacet
  facet normal 0.997856 0.0654432 0
    outer loop
      vertex 25.8131 23.6608 14
      vertex 25.8345 23.3345 15
      vertex 25.8345 23.3345 14
    endloop
  endfacet
  facet normal 0.0654432 -0.997856 0
    outer loop
      vertex 23.3345 20.8345 14
      vertex 23.6608 20.8559 15
      vertex 23.3345 20.8345 15
    endloop
  endfacet
  facet normal 0.0654432 -0.997856 0
    outer loop
      vertex 23.6608 20.8559 15
      vertex 23.3345 20.8345 14
      vertex 23.6608 20.8559 14
    endloop
  endfacet
  facet normal -0.195116 0.98078 0
    outer loop
      vertex 23.0082 25.8131 14
      vertex 22.6875 25.7493 15
      vertex 23.0082 25.8131 15
    endloop
  endfacet
  facet normal -0.195116 0.98078 0
    outer loop
      vertex 22.6875 25.7493 15
      vertex 23.0082 25.8131 14
      vertex 22.6875 25.7493 14
    endloop
  endfacet
  facet normal 0.195058 0.980792 -0
    outer loop
      vertex 23.9816 25.7493 14
      vertex 23.6608 25.8131 15
      vertex 23.9816 25.7493 15
    endloop
  endfacet
  facet normal 0.195058 0.980792 0
    outer loop
      vertex 23.6608 25.8131 15
      vertex 23.9816 25.7493 14
      vertex 23.6608 25.8131 14
    endloop
  endfacet
  facet normal 0.659262 0.751913 -0
    outer loop
      vertex 25.1023 25.1023 14
      vertex 24.8564 25.3179 15
      vertex 25.1023 25.1023 15
    endloop
  endfacet
  facet normal 0.659262 0.751913 0
    outer loop
      vertex 24.8564 25.3179 15
      vertex 25.1023 25.1023 14
      vertex 24.8564 25.3179 14
    endloop
  endfacet
  facet normal 0.751913 0.659262 0
    outer loop
      vertex 25.3179 24.8564 15
      vertex 25.1023 25.1023 14
      vertex 25.1023 25.1023 15
    endloop
  endfacet
  facet normal 0.751913 0.659262 0
    outer loop
      vertex 25.1023 25.1023 14
      vertex 25.3179 24.8564 15
      vertex 25.3179 24.8564 14
    endloop
  endfacet
  facet normal -0.997856 -0.0654432 0
    outer loop
      vertex 20.8559 23.0082 14
      vertex 20.8345 23.3345 15
      vertex 20.8345 23.3345 14
    endloop
  endfacet
  facet normal -0.997856 -0.0654432 0
    outer loop
      vertex 20.8345 23.3345 15
      vertex 20.8559 23.0082 14
      vertex 20.8559 23.0082 15
    endloop
  endfacet
  facet normal -0.831579 0.555406 0
    outer loop
      vertex 21.1695 24.5845 14
      vertex 21.3511 24.8564 15
      vertex 21.3511 24.8564 14
    endloop
  endfacet
  facet normal -0.831579 0.555406 0
    outer loop
      vertex 21.3511 24.8564 15
      vertex 21.1695 24.5845 14
      vertex 21.1695 24.5845 15
    endloop
  endfacet
  facet normal 0.321453 0.946926 -0
    outer loop
      vertex 24.2912 25.6442 14
      vertex 23.9816 25.7493 15
      vertex 24.2912 25.6442 15
    endloop
  endfacet
  facet normal 0.321453 0.946926 0
    outer loop
      vertex 23.9816 25.7493 15
      vertex 24.2912 25.6442 14
      vertex 23.9816 25.7493 14
    endloop
  endfacet
  facet normal -0.442437 -0.896799 0
    outer loop
      vertex 22.0845 21.1695 14
      vertex 22.3778 21.0248 15
      vertex 22.0845 21.1695 15
    endloop
  endfacet
  facet normal -0.442437 -0.896799 -0
    outer loop
      vertex 22.3778 21.0248 15
      vertex 22.0845 21.1695 14
      vertex 22.3778 21.0248 14
    endloop
  endfacet
  facet normal -0.0654432 0.997856 0
    outer loop
      vertex 23.3345 25.8345 14
      vertex 23.0082 25.8131 15
      vertex 23.3345 25.8345 15
    endloop
  endfacet
  facet normal -0.0654432 0.997856 0
    outer loop
      vertex 23.0082 25.8131 15
      vertex 23.3345 25.8345 14
      vertex 23.0082 25.8131 14
    endloop
  endfacet
  facet normal 0 0 1
    outer loop
      vertex -60 -264 0
      vertex -27.3943 -35.7009 0
      vertex -31.8198 -31.8198 0
    endloop
  endfacet
  facet normal 0 0 1
    outer loop
      vertex -60 -264 0
      vertex -31.8198 -31.8198 0
      vertex -35.7009 -27.3943 0
    endloop
  endfacet
  facet normal 0 0 1
    outer loop
      vertex -60 -264 0
      vertex -35.7009 -27.3943 0
      vertex -38.9711 -22.5 0
    endloop
  endfacet
  facet normal 0 0 1
    outer loop
      vertex -60 -264 0
      vertex -38.9711 -22.5 0
      vertex -41.5746 -17.2208 0
    endloop
  endfacet
  facet normal 0 0 1
    outer loop
      vertex -60 -264 0
      vertex -41.5746 -17.2208 0
      vertex -43.4667 -11.6469 0
    endloop
  endfacet
  facet normal 0 0 1
    outer loop
      vertex -60 -264 0
      vertex -43.4667 -11.6469 0
      vertex -44.615 -5.87368 0
    endloop
  endfacet
  facet normal 0 0 1
    outer loop
      vertex -60 -264 0
      vertex -44.615 -5.87368 0
      vertex -45 0 0
    endloop
  endfacet
  facet normal 0 0 1
    outer loop
      vertex -60 -264 0
      vertex -45 0 0
      vertex -60 264 0
    endloop
  endfacet
  facet normal 0 0 1
    outer loop
      vertex -27.3943 -35.7009 0
      vertex -60 -264 0
      vertex -30 -264 0
    endloop
  endfacet
  facet normal 0 0 1
    outer loop
      vertex 31.8198 31.8198 0
      vertex 88 132 0
      vertex 52 132 0
    endloop
  endfacet
  facet normal 0 -0 1
    outer loop
      vertex 45 0 0
      vertex 88 132 0
      vertex 44.615 5.87368 0
    endloop
  endfacet
  facet normal 0 0 1
    outer loop
      vertex 340 300 0
      vertex 330 166.5 0
      vertex 340 -300 0
    endloop
  endfacet
  facet normal 0 0 1
    outer loop
      vertex 340 300 0
      vertex 318 168 0
      vertex 330 166.5 0
    endloop
  endfacet
  facet normal 0 0 1
    outer loop
      vertex 340 300 0
      vertex 282 168 0
      vertex 318 168 0
    endloop
  endfacet
  facet normal 0 0 1
    outer loop
      vertex 88 132 0
      vertex 282 132 0
      vertex 282 168 0
    endloop
  endfacet
  facet normal 0 0 1
    outer loop
      vertex 282 132 0
      vertex 88 132 0
      vertex 282 -132 0
    endloop
  endfacet
  facet normal 0 0 1
    outer loop
      vertex 88 132 0
      vertex 282 168 0
      vertex 88 168 0
    endloop
  endfacet
  facet normal 0 0 1
    outer loop
      vertex 340 300 0
      vertex 88 168 0
      vertex 282 168 0
    endloop
  endfacet
  facet normal -0 0 1
    outer loop
      vertex -30 294 0
      vertex 88 168 0
      vertex 340 300 0
    endloop
  endfacet
  facet normal 0 0 1
    outer loop
      vertex -60 264 0
      vertex 52 132 0
      vertex 52 168 0
    endloop
  endfacet
  facet normal -0 0 1
    outer loop
      vertex 44.615 -5.87368 0
      vertex 88 -132 0
      vertex 45 0 0
    endloop
  endfacet
  facet normal -0 0 1
    outer loop
      vertex 43.4667 -11.6469 0
      vertex 88 -132 0
      vertex 44.615 -5.87368 0
    endloop
  endfacet
  facet normal 0 0 1
    outer loop
      vertex 88 132 0
      vertex 45 0 0
      vertex 88 -132 0
    endloop
  endfacet
  facet normal 0 0 1
    outer loop
      vertex 88 132 0
      vertex 43.4667 11.6469 0
      vertex 44.615 5.87368 0
    endloop
  endfacet
  facet normal 0 0 1
    outer loop
      vertex 88 132 0
      vertex 41.5746 17.2208 0
      vertex 43.4667 11.6469 0
    endloop
  endfacet
  facet normal 0 0 1
    outer loop
      vertex 88 132 0
      vertex 38.9711 22.5 0
      vertex 41.5746 17.2208 0
    endloop
  endfacet
  facet normal 0 0 1
    outer loop
      vertex 88 132 0
      vertex 35.7009 27.3943 0
      vertex 38.9711 22.5 0
    endloop
  endfacet
  facet normal 0 0 1
    outer loop
      vertex 88 132 0
      vertex 31.8198 31.8198 0
      vertex 35.7009 27.3943 0
    endloop
  endfacet
  facet normal 0 0 1
    outer loop
      vertex 52 132 0
      vertex 27.3943 35.7009 0
      vertex 31.8198 31.8198 0
    endloop
  endfacet
  facet normal 0 0 1
    outer loop
      vertex 52 132 0
      vertex 22.5 38.9711 0
      vertex 27.3943 35.7009 0
    endloop
  endfacet
  facet normal 0 0 1
    outer loop
      vertex 52 132 0
      vertex 17.2208 41.5746 0
      vertex 22.5 38.9711 0
    endloop
  endfacet
  facet normal 0 0 1
    outer loop
      vertex 52 132 0
      vertex 11.6469 43.4667 0
      vertex 17.2208 41.5746 0
    endloop
  endfacet
  facet normal 0 0 1
    outer loop
      vertex 52 132 0
      vertex 5.87368 44.615 0
      vertex 11.6469 43.4667 0
    endloop
  endfacet
  facet normal 0 0 1
    outer loop
      vertex 52 132 0
      vertex 0 45 0
      vertex 5.87368 44.615 0
    endloop
  endfacet
  facet normal 0 0 1
    outer loop
      vertex 52 132 0
      vertex -5.87368 44.615 0
      vertex 0 45 0
    endloop
  endfacet
  facet normal 0 0 1
    outer loop
      vertex 52 132 0
      vertex -11.6469 43.4667 0
      vertex -5.87368 44.615 0
    endloop
  endfacet
  facet normal 0 0 1
    outer loop
      vertex 52 132 0
      vertex -17.2208 41.5746 0
      vertex -11.6469 43.4667 0
    endloop
  endfacet
  facet normal 0 0 1
    outer loop
      vertex 52 132 0
      vertex -60 264 0
      vertex -17.2208 41.5746 0
    endloop
  endfacet
  facet normal 0 0 1
    outer loop
      vertex -17.2208 41.5746 0
      vertex -60 264 0
      vertex -22.5 38.9711 0
    endloop
  endfacet
  facet normal 0 0 1
    outer loop
      vertex 88 168 0
      vertex -30 264 0
      vertex 52 168 0
    endloop
  endfacet
  facet normal -0 0 1
    outer loop
      vertex -30 264 0
      vertex 88 168 0
      vertex -30 294 0
    endloop
  endfacet
  facet normal -0 0 1
    outer loop
      vertex -60 300 0
      vertex -30 294 0
      vertex 340 300 0
    endloop
  endfacet
  facet normal 0 0 1
    outer loop
      vertex -30 294 0
      vertex -60 300 0
      vertex -60 294 0
    endloop
  endfacet
  facet normal -0 0 1
    outer loop
      vertex 330 -166.5 0
      vertex 340 -300 0
      vertex 330 166.5 0
    endloop
  endfacet
  facet normal 0 0 1
    outer loop
      vertex 318 -168 0
      vertex 330 -166.5 0
      vertex 318 -166.5 0
    endloop
  endfacet
  facet normal 0 0 1
    outer loop
      vertex 330 -166.5 0
      vertex 318 -168 0
      vertex 340 -300 0
    endloop
  endfacet
  facet normal -0 0 1
    outer loop
      vertex 282 -168 0
      vertex 340 -300 0
      vertex 318 -168 0
    endloop
  endfacet
  facet normal 0 0 1
    outer loop
      vertex 88 -132 0
      vertex 282 -132 0
      vertex 88 132 0
    endloop
  endfacet
  facet normal 0 0 1
    outer loop
      vertex 282 -132 0
      vertex 88 -132 0
      vertex 282 -168 0
    endloop
  endfacet
  facet normal 0 0 1
    outer loop
      vertex 88 -168 0
      vertex 282 -168 0
      vertex 88 -132 0
    endloop
  endfacet
  facet normal 0 0 1
    outer loop
      vertex 282 -168 0
      vertex 88 -168 0
      vertex 340 -300 0
    endloop
  endfacet
  facet normal 0 0 1
    outer loop
      vertex -30 -264 0
      vertex 88 -168 0
      vertex 52 -168 0
    endloop
  endfacet
  facet normal -0 0 1
    outer loop
      vertex 41.5746 -17.2208 0
      vertex 88 -132 0
      vertex 43.4667 -11.6469 0
    endloop
  endfacet
  facet normal -0 0 1
    outer loop
      vertex 38.9711 -22.5 0
      vertex 88 -132 0
      vertex 41.5746 -17.2208 0
    endloop
  endfacet
  facet normal -0 0 1
    outer loop
      vertex 35.7009 -27.3943 0
      vertex 88 -132 0
      vertex 38.9711 -22.5 0
    endloop
  endfacet
  facet normal -0 0 1
    outer loop
      vertex 31.8198 -31.8198 0
      vertex 88 -132 0
      vertex 35.7009 -27.3943 0
    endloop
  endfacet
  facet normal 0 0 1
    outer loop
      vertex 88 -132 0
      vertex 31.8198 -31.8198 0
      vertex 52 -132 0
    endloop
  endfacet
  facet normal -0 0 1
    outer loop
      vertex 27.3943 -35.7009 0
      vertex 52 -132 0
      vertex 31.8198 -31.8198 0
    endloop
  endfacet
  facet normal -0 0 1
    outer loop
      vertex 22.5 -38.9711 0
      vertex 52 -132 0
      vertex 27.3943 -35.7009 0
    endloop
  endfacet
  facet normal -0 0 1
    outer loop
      vertex 17.2208 -41.5746 0
      vertex 52 -132 0
      vertex 22.5 -38.9711 0
    endloop
  endfacet
  facet normal -0 0 1
    outer loop
      vertex 11.6469 -43.4667 0
      vertex 52 -132 0
      vertex 17.2208 -41.5746 0
    endloop
  endfacet
  facet normal -0 0 1
    outer loop
      vertex 5.87368 -44.615 0
      vertex 52 -132 0
      vertex 11.6469 -43.4667 0
    endloop
  endfacet
  facet normal -0 0 1
    outer loop
      vertex 0 -45 0
      vertex 52 -132 0
      vertex 5.87368 -44.615 0
    endloop
  endfacet
  facet normal 0 0 1
    outer loop
      vertex -5.87368 -44.615 0
      vertex 52 -132 0
      vertex 0 -45 0
    endloop
  endfacet
  facet normal 0 0 1
    outer loop
      vertex -11.6469 -43.4667 0
      vertex 52 -132 0
      vertex -5.87368 -44.615 0
    endloop
  endfacet
  facet normal 0 0 1
    outer loop
      vertex -17.2208 -41.5746 0
      vertex 52 -132 0
      vertex -11.6469 -43.4667 0
    endloop
  endfacet
  facet normal 0 0 1
    outer loop
      vertex 52 -132 0
      vertex -17.2208 -41.5746 0
      vertex 52 -168 0
    endloop
  endfacet
  facet normal 0 0 1
    outer loop
      vertex -30 -264 0
      vertex -17.2208 -41.5746 0
      vertex -22.5 -38.9711 0
    endloop
  endfacet
  facet normal 0 0 1
    outer loop
      vertex -30 -264 0
      vertex -22.5 -38.9711 0
      vertex -27.3943 -35.7009 0
    endloop
  endfacet
  facet normal 0 0 1
    outer loop
      vertex -17.2208 -41.5746 0
      vertex -30 -264 0
      vertex 52 -168 0
    endloop
  endfacet
  facet normal 0 0 1
    outer loop
      vertex 88 -168 0
      vertex -30 -264 0
      vertex -30 -294 0
    endloop
  endfacet
  facet normal 0 0 1
    outer loop
      vertex 88 -168 0
      vertex -30 -294 0
      vertex 340 -300 0
    endloop
  endfacet
  facet normal 0 0 1
    outer loop
      vertex -60 -300 0
      vertex -30 -294 0
      vertex -60 -294 0
    endloop
  endfacet
  facet normal 0 0 1
    outer loop
      vertex -30 -294 0
      vertex -60 -300 0
      vertex 340 -300 0
    endloop
  endfacet
  facet normal 0 0 1
    outer loop
      vertex 330 166.5 0
      vertex 318 168 0
      vertex 318 166.5 0
    endloop
  endfacet
  facet normal -0 0 1
    outer loop
      vertex 282 132 0
      vertex 285 -132 0
      vertex 285 132 0
    endloop
  endfacet
  facet normal 0 0 1
    outer loop
      vertex 285 -132 0
      vertex 282 132 0
      vertex 282 -132 0
    endloop
  endfacet
  facet normal -0 0 1
    outer loop
      vertex -60 264 0
      vertex 52 168 0
      vertex -30 264 0
    endloop
  endfacet
  facet normal 0 0 1
    outer loop
      vertex -22.5 38.9711 0
      vertex -60 264 0
      vertex -27.3943 35.7009 0
    endloop
  endfacet
  facet normal 0 0 1
    outer loop
      vertex -27.3943 35.7009 0
      vertex -60 264 0
      vertex -31.8198 31.8198 0
    endloop
  endfacet
  facet normal 0 0 1
    outer loop
      vertex -31.8198 31.8198 0
      vertex -60 264 0
      vertex -35.7009 27.3943 0
    endloop
  endfacet
  facet normal 0 0 1
    outer loop
      vertex -35.7009 27.3943 0
      vertex -60 264 0
      vertex -38.9711 22.5 0
    endloop
  endfacet
  facet normal 0 0 1
    outer loop
      vertex -38.9711 22.5 0
      vertex -60 264 0
      vertex -41.5746 17.2208 0
    endloop
  endfacet
  facet normal 0 0 1
    outer loop
      vertex -41.5746 17.2208 0
      vertex -60 264 0
      vertex -43.4667 11.6469 0
    endloop
  endfacet
  facet normal 0 0 1
    outer loop
      vertex -43.4667 11.6469 0
      vertex -60 264 0
      vertex -44.615 5.87368 0
    endloop
  endfacet
  facet normal 0 0 1
    outer loop
      vertex -44.615 5.87368 0
      vertex -60 264 0
      vertex -45 0 0
    endloop
  endfacet
  facet normal 0.946957 -0.32136 0
    outer loop
      vertex 25.6442 22.3778 15
      vertex 25.7493 22.6875 14
      vertex 25.7493 22.6875 15
    endloop
  endfacet
  facet normal 0.946957 -0.32136 0
    outer loop
      vertex 25.7493 22.6875 14
      vertex 25.6442 22.3778 15
      vertex 25.6442 22.3778 14
    endloop
  endfacet
  facet normal -0.32136 0.946957 0
    outer loop
      vertex 22.6875 25.7493 14
      vertex 22.3778 25.6442 15
      vertex 22.6875 25.7493 15
    endloop
  endfacet
  facet normal -0.32136 0.946957 0
    outer loop
      vertex 22.3778 25.6442 15
      vertex 22.6875 25.7493 14
      vertex 22.3778 25.6442 14
    endloop
  endfacet
  facet normal -0.98078 -0.195116 0
    outer loop
      vertex 20.9197 22.6875 14
      vertex 20.8559 23.0082 15
      vertex 20.8559 23.0082 14
    endloop
  endfacet
  facet normal -0.98078 -0.195116 0
    outer loop
      vertex 20.8559 23.0082 15
      vertex 20.9197 22.6875 14
      vertex 20.9197 22.6875 15
    endloop
  endfacet
  facet normal -0.659414 0.75178 0
    outer loop
      vertex 21.8126 25.3179 14
      vertex 21.5668 25.1023 15
      vertex 21.8126 25.3179 15
    endloop
  endfacet
  facet normal -0.659414 0.75178 0
    outer loop
      vertex 21.5668 25.1023 15
      vertex 21.8126 25.3179 14
      vertex 21.5668 25.1023 14
    endloop
  endfacet
  facet normal 0.896921 -0.442191 0
    outer loop
      vertex 25.4996 22.0845 15
      vertex 25.6442 22.3778 14
      vertex 25.6442 22.3778 15
    endloop
  endfacet
  facet normal 0.896921 -0.442191 0
    outer loop
      vertex 25.6442 22.3778 14
      vertex 25.4996 22.0845 15
      vertex 25.4996 22.0845 14
    endloop
  endfacet
  facet normal -0.997856 0.0654432 0
    outer loop
      vertex 20.8345 23.3345 14
      vertex 20.8559 23.6608 15
      vertex 20.8559 23.6608 14
    endloop
  endfacet
  facet normal -0.997856 0.0654432 0
    outer loop
      vertex 20.8559 23.6608 15
      vertex 20.8345 23.3345 14
      vertex 20.8345 23.3345 15
    endloop
  endfacet
  facet normal 0.659435 -0.751762 0
    outer loop
      vertex 24.8564 21.3511 14
      vertex 25.1023 21.5668 15
      vertex 24.8564 21.3511 15
    endloop
  endfacet
  facet normal 0.659435 -0.751762 0
    outer loop
      vertex 25.1023 21.5668 15
      vertex 24.8564 21.3511 14
      vertex 25.1023 21.5668 14
    endloop
  endfacet
  facet normal 0.442437 -0.896799 0
    outer loop
      vertex 24.2912 21.0248 14
      vertex 24.5845 21.1695 15
      vertex 24.2912 21.0248 15
    endloop
  endfacet
  facet normal 0.442437 -0.896799 0
    outer loop
      vertex 24.5845 21.1695 15
      vertex 24.2912 21.0248 14
      vertex 24.5845 21.1695 14
    endloop
  endfacet
  facet normal -0.751629 -0.659586 0
    outer loop
      vertex 21.5668 21.5668 14
      vertex 21.3511 21.8126 15
      vertex 21.3511 21.8126 14
    endloop
  endfacet
  facet normal -0.751629 -0.659586 0
    outer loop
      vertex 21.3511 21.8126 15
      vertex 21.5668 21.5668 14
      vertex 21.5668 21.5668 15
    endloop
  endfacet
  facet normal 0.946926 0.321453 0
    outer loop
      vertex 25.7493 23.9816 15
      vertex 25.6442 24.2912 14
      vertex 25.6442 24.2912 15
    endloop
  endfacet
  facet normal 0.946926 0.321453 0
    outer loop
      vertex 25.6442 24.2912 14
      vertex 25.7493 23.9816 15
      vertex 25.7493 23.9816 14
    endloop
  endfacet
  facet normal -0.896799 -0.442437 0
    outer loop
      vertex 21.1695 22.0845 14
      vertex 21.0248 22.3778 15
      vertex 21.0248 22.3778 14
    endloop
  endfacet
  facet normal -0.896799 -0.442437 0
    outer loop
      vertex 21.0248 22.3778 15
      vertex 21.1695 22.0845 14
      vertex 21.1695 22.0845 15
    endloop
  endfacet
  facet normal 0 0 1
    outer loop
      vertex 25.8131 23.6608 15
      vertex 25.8131 23.0082 15
      vertex 25.8345 23.3345 15
    endloop
  endfacet
  facet normal 0 0 1
    outer loop
      vertex 25.7493 23.9816 15
      vertex 25.8131 23.0082 15
      vertex 25.8131 23.6608 15
    endloop
  endfacet
  facet normal 0 0 1
    outer loop
      vertex 25.7493 23.9816 15
      vertex 25.7493 22.6875 15
      vertex 25.8131 23.0082 15
    endloop
  endfacet
  facet normal 0 0 1
    outer loop
      vertex 25.6442 24.2912 15
      vertex 25.7493 22.6875 15
      vertex 25.7493 23.9816 15
    endloop
  endfacet
  facet normal 0 0 1
    outer loop
      vertex 25.6442 24.2912 15
      vertex 25.6442 22.3778 15
      vertex 25.7493 22.6875 15
    endloop
  endfacet
  facet normal 0 0 1
    outer loop
      vertex 25.4996 24.5845 15
      vertex 25.6442 22.3778 15
      vertex 25.6442 24.2912 15
    endloop
  endfacet
  facet normal 0 0 1
    outer loop
      vertex 25.4996 24.5845 15
      vertex 25.4996 22.0845 15
      vertex 25.6442 22.3778 15
    endloop
  endfacet
  facet normal 0 0 1
    outer loop
      vertex 25.3179 24.8564 15
      vertex 25.4996 22.0845 15
      vertex 25.4996 24.5845 15
    endloop
  endfacet
  facet normal 0 0 1
    outer loop
      vertex 25.3179 24.8564 15
      vertex 25.3179 21.8126 15
      vertex 25.4996 22.0845 15
    endloop
  endfacet
  facet normal 0 0 1
    outer loop
      vertex 25.1023 25.1023 15
      vertex 25.3179 21.8126 15
      vertex 25.3179 24.8564 15
    endloop
  endfacet
  facet normal 0 0 1
    outer loop
      vertex 25.1023 25.1023 15
      vertex 25.1023 21.5668 15
      vertex 25.3179 21.8126 15
    endloop
  endfacet
  facet normal 0 0 1
    outer loop
      vertex 24.8564 25.3179 15
      vertex 25.1023 21.5668 15
      vertex 25.1023 25.1023 15
    endloop
  endfacet
  facet normal 0 0 1
    outer loop
      vertex 24.8564 25.3179 15
      vertex 24.8564 21.3511 15
      vertex 25.1023 21.5668 15
    endloop
  endfacet
  facet normal 0 0 1
    outer loop
      vertex 24.5845 25.4996 15
      vertex 24.8564 21.3511 15
      vertex 24.8564 25.3179 15
    endloop
  endfacet
  facet normal 0 0 1
    outer loop
      vertex 24.5845 25.4996 15
      vertex 24.5845 21.1695 15
      vertex 24.8564 21.3511 15
    endloop
  endfacet
  facet normal 0 0 1
    outer loop
      vertex 24.2912 25.6442 15
      vertex 24.5845 21.1695 15
      vertex 24.5845 25.4996 15
    endloop
  endfacet
  facet normal 0 0 1
    outer loop
      vertex 24.2912 25.6442 15
      vertex 24.2912 21.0248 15
      vertex 24.5845 21.1695 15
    endloop
  endfacet
  facet normal 0 0 1
    outer loop
      vertex 23.9816 25.7493 15
      vertex 24.2912 21.0248 15
      vertex 24.2912 25.6442 15
    endloop
  endfacet
  facet normal 0 0 1
    outer loop
      vertex 23.9816 25.7493 15
      vertex 23.9816 20.9197 15
      vertex 24.2912 21.0248 15
    endloop
  endfacet
  facet normal 0 0 1
    outer loop
      vertex 23.6608 25.8131 15
      vertex 23.9816 20.9197 15
      vertex 23.9816 25.7493 15
    endloop
  endfacet
  facet normal 0 0 1
    outer loop
      vertex 23.6608 25.8131 15
      vertex 23.6608 20.8559 15
      vertex 23.9816 20.9197 15
    endloop
  endfacet
  facet normal 0 0 1
    outer loop
      vertex 23.3345 25.8345 15
      vertex 23.6608 20.8559 15
      vertex 23.6608 25.8131 15
    endloop
  endfacet
  facet normal 0 0 1
    outer loop
      vertex 23.3345 25.8345 15
      vertex 23.3345 20.8345 15
      vertex 23.6608 20.8559 15
    endloop
  endfacet
  facet normal -0 0 1
    outer loop
      vertex 23.0082 25.8131 15
      vertex 23.3345 20.8345 15
      vertex 23.3345 25.8345 15
    endloop
  endfacet
  facet normal 0 0 1
    outer loop
      vertex 23.0082 25.8131 15
      vertex 23.0082 20.8559 15
      vertex 23.3345 20.8345 15
    endloop
  endfacet
  facet normal -0 0 1
    outer loop
      vertex 22.6875 25.7493 15
      vertex 23.0082 20.8559 15
      vertex 23.0082 25.8131 15
    endloop
  endfacet
  facet normal 0 0 1
    outer loop
      vertex 22.6875 25.7493 15
      vertex 22.6875 20.9197 15
      vertex 23.0082 20.8559 15
    endloop
  endfacet
  facet normal -0 0 1
    outer loop
      vertex 22.3778 25.6442 15
      vertex 22.6875 20.9197 15
      vertex 22.6875 25.7493 15
    endloop
  endfacet
  facet normal 0 0 1
    outer loop
      vertex 22.3778 25.6442 15
      vertex 22.3778 21.0248 15
      vertex 22.6875 20.9197 15
    endloop
  endfacet
  facet normal -0 0 1
    outer loop
      vertex 22.0845 25.4996 15
      vertex 22.3778 21.0248 15
      vertex 22.3778 25.6442 15
    endloop
  endfacet
  facet normal 0 0 1
    outer loop
      vertex 22.0845 25.4996 15
      vertex 22.0845 21.1695 15
      vertex 22.3778 21.0248 15
    endloop
  endfacet
  facet normal -0 0 1
    outer loop
      vertex 21.8126 25.3179 15
      vertex 22.0845 21.1695 15
      vertex 22.0845 25.4996 15
    endloop
  endfacet
  facet normal 0 0 1
    outer loop
      vertex 21.8126 25.3179 15
      vertex 21.8126 21.3511 15
      vertex 22.0845 21.1695 15
    endloop
  endfacet
  facet normal -0 0 1
    outer loop
      vertex 21.5668 25.1023 15
      vertex 21.8126 21.3511 15
      vertex 21.8126 25.3179 15
    endloop
  endfacet
  facet normal 0 0 1
    outer loop
      vertex 21.5668 25.1023 15
      vertex 21.5668 21.5668 15
      vertex 21.8126 21.3511 15
    endloop
  endfacet
  facet normal -0 0 1
    outer loop
      vertex 21.3511 24.8564 15
      vertex 21.5668 21.5668 15
      vertex 21.5668 25.1023 15
    endloop
  endfacet
  facet normal 0 0 1
    outer loop
      vertex 21.3511 24.8564 15
      vertex 21.3511 21.8126 15
      vertex 21.5668 21.5668 15
    endloop
  endfacet
  facet normal -0 0 1
    outer loop
      vertex 21.1695 24.5845 15
      vertex 21.3511 21.8126 15
      vertex 21.3511 24.8564 15
    endloop
  endfacet
  facet normal 0 0 1
    outer loop
      vertex 21.1695 24.5845 15
      vertex 21.1695 22.0845 15
      vertex 21.3511 21.8126 15
    endloop
  endfacet
  facet normal -0 0 1
    outer loop
      vertex 21.0248 24.2912 15
      vertex 21.1695 22.0845 15
      vertex 21.1695 24.5845 15
    endloop
  endfacet
  facet normal 0 0 1
    outer loop
      vertex 21.0248 24.2912 15
      vertex 21.0248 22.3778 15
      vertex 21.1695 22.0845 15
    endloop
  endfacet
  facet normal -0 0 1
    outer loop
      vertex 20.9197 23.9816 15
      vertex 21.0248 22.3778 15
      vertex 21.0248 24.2912 15
    endloop
  endfacet
  facet normal 0 0 1
    outer loop
      vertex 20.9197 23.9816 15
      vertex 20.9197 22.6875 15
      vertex 21.0248 22.3778 15
    endloop
  endfacet
  facet normal -0 0 1
    outer loop
      vertex 20.8559 23.6608 15
      vertex 20.9197 22.6875 15
      vertex 20.9197 23.9816 15
    endloop
  endfacet
  facet normal 0 0 1
    outer loop
      vertex 20.8559 23.6608 15
      vertex 20.8559 23.0082 15
      vertex 20.9197 22.6875 15
    endloop
  endfacet
  facet normal 0 -0 1
    outer loop
      vertex 20.8559 23.0082 15
      vertex 20.8559 23.6608 15
      vertex 20.8345 23.3345 15
    endloop
  endfacet
  facet normal 0.831438 0.555617 0
    outer loop
      vertex 25.4996 24.5845 15
      vertex 25.3179 24.8564 14
      vertex 25.3179 24.8564 15
    endloop
  endfacet
  facet normal 0.831438 0.555617 0
    outer loop
      vertex 25.3179 24.8564 14
      vertex 25.4996 24.5845 15
      vertex 25.4996 24.5845 14
    endloop
  endfacet
  facet normal 0.98078 -0.195116 0
    outer loop
      vertex 25.7493 22.6875 15
      vertex 25.8131 23.0082 14
      vertex 25.8131 23.0082 15
    endloop
  endfacet
  facet normal 0.98078 -0.195116 0
    outer loop
      vertex 25.8131 23.0082 14
      vertex 25.7493 22.6875 15
      vertex 25.7493 22.6875 14
    endloop
  endfacet
  facet normal -0.555406 -0.831579 0
    outer loop
      vertex 21.8126 21.3511 14
      vertex 22.0845 21.1695 15
      vertex 21.8126 21.3511 15
    endloop
  endfacet
  facet normal -0.555406 -0.831579 -0
    outer loop
      vertex 22.0845 21.1695 15
      vertex 21.8126 21.3511 14
      vertex 22.0845 21.1695 14
    endloop
  endfacet
  facet normal 0.980792 0.195058 0
    outer loop
      vertex 25.8131 23.6608 15
      vertex 25.7493 23.9816 14
      vertex 25.7493 23.9816 15
    endloop
  endfacet
  facet normal 0.980792 0.195058 0
    outer loop
      vertex 25.7493 23.9816 14
      vertex 25.8131 23.6608 15
      vertex 25.8131 23.6608 14
    endloop
  endfacet
  facet normal -0.442191 0.896921 0
    outer loop
      vertex 22.3778 25.6442 14
      vertex 22.0845 25.4996 15
      vertex 22.3778 25.6442 15
    endloop
  endfacet
  facet normal -0.442191 0.896921 0
    outer loop
      vertex 22.0845 25.4996 15
      vertex 22.3778 25.6442 14
      vertex 22.0845 25.4996 14
    endloop
  endfacet
  facet normal 0.997856 -0.0654432 0
    outer loop
      vertex 25.8131 23.0082 15
      vertex 25.8345 23.3345 14
      vertex 25.8345 23.3345 15
    endloop
  endfacet
  facet normal 0.997856 -0.0654432 0
    outer loop
      vertex 25.8345 23.3345 14
      vertex 25.8131 23.0082 15
      vertex 25.8131 23.0082 14
    endloop
  endfacet
  facet normal -0.896799 0.442437 0
    outer loop
      vertex 21.0248 24.2912 14
      vertex 21.1695 24.5845 15
      vertex 21.1695 24.5845 14
    endloop
  endfacet
  facet normal -0.896799 0.442437 0
    outer loop
      vertex 21.1695 24.5845 15
      vertex 21.0248 24.2912 14
      vertex 21.0248 24.2912 15
    endloop
  endfacet
  facet normal -0.0654432 -0.997856 0
    outer loop
      vertex 23.0082 20.8559 14
      vertex 23.3345 20.8345 15
      vertex 23.0082 20.8559 15
    endloop
  endfacet
  facet normal -0.0654432 -0.997856 -0
    outer loop
      vertex 23.3345 20.8345 15
      vertex 23.0082 20.8559 14
      vertex 23.3345 20.8345 14
    endloop
  endfacet
  facet normal 0.0654432 0.997856 -0
    outer loop
      vertex 23.6608 25.8131 14
      vertex 23.3345 25.8345 15
      vertex 23.6608 25.8131 15
    endloop
  endfacet
  facet normal 0.0654432 0.997856 0
    outer loop
      vertex 23.3345 25.8345 15
      vertex 23.6608 25.8131 14
      vertex 23.3345 25.8345 14
    endloop
  endfacet
  facet normal 0.831438 -0.555617 0
    outer loop
      vertex 25.3179 21.8126 15
      vertex 25.4996 22.0845 14
      vertex 25.4996 22.0845 15
    endloop
  endfacet
  facet normal 0.831438 -0.555617 0
    outer loop
      vertex 25.4996 22.0845 14
      vertex 25.3179 21.8126 15
      vertex 25.3179 21.8126 14
    endloop
  endfacet
  facet normal 0.75178 -0.659414 0
    outer loop
      vertex 25.1023 21.5668 15
      vertex 25.3179 21.8126 14
      vertex 25.3179 21.8126 15
    endloop
  endfacet
  facet normal 0.75178 -0.659414 0
    outer loop
      vertex 25.3179 21.8126 14
      vertex 25.1023 21.5668 15
      vertex 25.1023 21.5668 14
    endloop
  endfacet
  facet normal -0.980792 0.195058 0
    outer loop
      vertex 20.8559 23.6608 14
      vertex 20.9197 23.9816 15
      vertex 20.9197 23.9816 14
    endloop
  endfacet
  facet normal -0.980792 0.195058 0
    outer loop
      vertex 20.9197 23.9816 15
      vertex 20.8559 23.6608 14
      vertex 20.8559 23.6608 15
    endloop
  endfacet
  facet normal -0.555617 0.831438 0
    outer loop
      vertex 22.0845 25.4996 14
      vertex 21.8126 25.3179 15
      vertex 22.0845 25.4996 15
    endloop
  endfacet
  facet normal -0.555617 0.831438 0
    outer loop
      vertex 21.8126 25.3179 15
      vertex 22.0845 25.4996 14
      vertex 21.8126 25.3179 14
    endloop
  endfacet
  facet normal -0.751762 0.659435 0
    outer loop
      vertex 21.3511 24.8564 14
      vertex 21.5668 25.1023 15
      vertex 21.5668 25.1023 14
    endloop
  endfacet
  facet normal -0.751762 0.659435 0
    outer loop
      vertex 21.5668 25.1023 15
      vertex 21.3511 24.8564 14
      vertex 21.3511 24.8564 15
    endloop
  endfacet
  facet normal -0.195116 -0.98078 0
    outer loop
      vertex 22.6875 20.9197 14
      vertex 23.0082 20.8559 15
      vertex 22.6875 20.9197 15
    endloop
  endfacet
  facet normal -0.195116 -0.98078 -0
    outer loop
      vertex 23.0082 20.8559 15
      vertex 22.6875 20.9197 14
      vertex 23.0082 20.8559 14
    endloop
  endfacet
  facet normal 0.555406 -0.831579 0
    outer loop
      vertex 24.5845 21.1695 14
      vertex 24.8564 21.3511 15
      vertex 24.5845 21.1695 15
    endloop
  endfacet
  facet normal 0.555406 -0.831579 0
    outer loop
      vertex 24.8564 21.3511 15
      vertex 24.5845 21.1695 14
      vertex 24.8564 21.3511 14
    endloop
  endfacet
  facet normal -0.659586 -0.751629 0
    outer loop
      vertex 21.5668 21.5668 14
      vertex 21.8126 21.3511 15
      vertex 21.5668 21.5668 15
    endloop
  endfacet
  facet normal -0.659586 -0.751629 -0
    outer loop
      vertex 21.8126 21.3511 15
      vertex 21.5668 21.5668 14
      vertex 21.8126 21.3511 14
    endloop
  endfacet
  facet normal -0.32136 -0.946957 0
    outer loop
      vertex 22.3778 21.0248 14
      vertex 22.6875 20.9197 15
      vertex 22.3778 21.0248 15
    endloop
  endfacet
  facet normal -0.32136 -0.946957 -0
    outer loop
      vertex 22.6875 20.9197 15
      vertex 22.3778 21.0248 14
      vertex 22.6875 20.9197 14
    endloop
  endfacet
  facet normal -0.831579 -0.555406 0
    outer loop
      vertex 21.3511 21.8126 14
      vertex 21.1695 22.0845 15
      vertex 21.1695 22.0845 14
    endloop
  endfacet
  facet normal -0.831579 -0.555406 0
    outer loop
      vertex 21.1695 22.0845 15
      vertex 21.3511 21.8126 14
      vertex 21.3511 21.8126 15
    endloop
  endfacet
  facet normal 0.321453 -0.946926 0
    outer loop
      vertex 23.9816 20.9197 14
      vertex 24.2912 21.0248 15
      vertex 23.9816 20.9197 15
    endloop
  endfacet
  facet normal 0.321453 -0.946926 0
    outer loop
      vertex 24.2912 21.0248 15
      vertex 23.9816 20.9197 14
      vertex 24.2912 21.0248 14
    endloop
  endfacet
  facet normal -0.946957 -0.32136 0
    outer loop
      vertex 21.0248 22.3778 14
      vertex 20.9197 22.6875 15
      vertex 20.9197 22.6875 14
    endloop
  endfacet
  facet normal -0.946957 -0.32136 0
    outer loop
      vertex 20.9197 22.6875 15
      vertex 21.0248 22.3778 14
      vertex 21.0248 22.3778 15
    endloop
  endfacet
  facet normal 0.195058 -0.980792 0
    outer loop
      vertex 23.6608 20.8559 14
      vertex 23.9816 20.9197 15
      vertex 23.6608 20.8559 15
    endloop
  endfacet
  facet normal 0.195058 -0.980792 0
    outer loop
      vertex 23.9816 20.9197 15
      vertex 23.6608 20.8559 14
      vertex 23.9816 20.9197 14
    endloop
  endfacet
  facet normal -0.831438 0.555617 0
    outer loop
      vertex -25.4996 24.5845 14
      vertex -25.3179 24.8564 15
      vertex -25.3179 24.8564 14
    endloop
  endfacet
  facet normal -0.831438 0.555617 0
    outer loop
      vertex -25.3179 24.8564 15
      vertex -25.4996 24.5845 14
      vertex -25.4996 24.5845 15
    endloop
  endfacet
  facet normal -0.751913 0.659262 0
    outer loop
      vertex -25.3179 24.8564 14
      vertex -25.1023 25.1023 15
      vertex -25.1023 25.1023 14
    endloop
  endfacet
  facet normal -0.751913 0.659262 0
    outer loop
      vertex -25.1023 25.1023 15
      vertex -25.3179 24.8564 14
      vertex -25.3179 24.8564 15
    endloop
  endfacet
  facet normal -0.555406 -0.831579 0
    outer loop
      vertex -24.8564 21.3511 14
      vertex -24.5845 21.1695 15
      vertex -24.8564 21.3511 15
    endloop
  endfacet
  facet normal -0.555406 -0.831579 -0
    outer loop
      vertex -24.5845 21.1695 15
      vertex -24.8564 21.3511 14
      vertex -24.5845 21.1695 14
    endloop
  endfacet
  facet normal 0.0654432 0.997856 -0
    outer loop
      vertex -23.0082 25.8131 14
      vertex -23.3345 25.8345 15
      vertex -23.0082 25.8131 15
    endloop
  endfacet
  facet normal 0.0654432 0.997856 0
    outer loop
      vertex -23.3345 25.8345 15
      vertex -23.0082 25.8131 14
      vertex -23.3345 25.8345 14
    endloop
  endfacet
  facet normal -0.195058 0.980792 0
    outer loop
      vertex -23.6608 25.8131 14
      vertex -23.9816 25.7493 15
      vertex -23.6608 25.8131 15
    endloop
  endfacet
  facet normal -0.195058 0.980792 0
    outer loop
      vertex -23.9816 25.7493 15
      vertex -23.6608 25.8131 14
      vertex -23.9816 25.7493 14
    endloop
  endfacet
  facet normal 0.831579 0.555406 0
    outer loop
      vertex -21.1695 24.5845 15
      vertex -21.3511 24.8564 14
      vertex -21.3511 24.8564 15
    endloop
  endfacet
  facet normal 0.831579 0.555406 0
    outer loop
      vertex -21.3511 24.8564 14
      vertex -21.1695 24.5845 15
      vertex -21.1695 24.5845 14
    endloop
  endfacet
  facet normal -0.555617 0.831438 0
    outer loop
      vertex -24.5845 25.4996 14
      vertex -24.8564 25.3179 15
      vertex -24.5845 25.4996 15
    endloop
  endfacet
  facet normal -0.555617 0.831438 0
    outer loop
      vertex -24.8564 25.3179 15
      vertex -24.5845 25.4996 14
      vertex -24.8564 25.3179 14
    endloop
  endfacet
  facet normal -0.321453 0.946926 0
    outer loop
      vertex -23.9816 25.7493 14
      vertex -24.2912 25.6442 15
      vertex -23.9816 25.7493 15
    endloop
  endfacet
  facet normal -0.321453 0.946926 0
    outer loop
      vertex -24.2912 25.6442 15
      vertex -23.9816 25.7493 14
      vertex -24.2912 25.6442 14
    endloop
  endfacet
  facet normal -0.980792 0.195058 0
    outer loop
      vertex -25.8131 23.6608 14
      vertex -25.7493 23.9816 15
      vertex -25.7493 23.9816 14
    endloop
  endfacet
  facet normal -0.980792 0.195058 0
    outer loop
      vertex -25.7493 23.9816 15
      vertex -25.8131 23.6608 14
      vertex -25.8131 23.6608 15
    endloop
  endfacet
  facet normal 0.442191 0.896921 -0
    outer loop
      vertex -22.0845 25.4996 14
      vertex -22.3778 25.6442 15
      vertex -22.0845 25.4996 15
    endloop
  endfacet
  facet normal 0.442191 0.896921 0
    outer loop
      vertex -22.3778 25.6442 15
      vertex -22.0845 25.4996 14
      vertex -22.3778 25.6442 14
    endloop
  endfacet
  facet normal -0.0654432 -0.997856 0
    outer loop
      vertex -23.6608 20.8559 14
      vertex -23.3345 20.8345 15
      vertex -23.6608 20.8559 15
    endloop
  endfacet
  facet normal -0.0654432 -0.997856 -0
    outer loop
      vertex -23.3345 20.8345 15
      vertex -23.6608 20.8559 14
      vertex -23.3345 20.8345 14
    endloop
  endfacet
  facet normal -0.75178 -0.659414 0
    outer loop
      vertex -25.1023 21.5668 14
      vertex -25.3179 21.8126 15
      vertex -25.3179 21.8126 14
    endloop
  endfacet
  facet normal -0.75178 -0.659414 0
    outer loop
      vertex -25.3179 21.8126 15
      vertex -25.1023 21.5668 14
      vertex -25.1023 21.5668 15
    endloop
  endfacet
  facet normal 0.946926 0.321453 0
    outer loop
      vertex -20.9197 23.9816 15
      vertex -21.0248 24.2912 14
      vertex -21.0248 24.2912 15
    endloop
  endfacet
  facet normal 0.946926 0.321453 0
    outer loop
      vertex -21.0248 24.2912 14
      vertex -20.9197 23.9816 15
      vertex -20.9197 23.9816 14
    endloop
  endfacet
  facet normal 0.997856 -0.0654432 0
    outer loop
      vertex -20.8559 23.0082 15
      vertex -20.8345 23.3345 14
      vertex -20.8345 23.3345 15
    endloop
  endfacet
  facet normal 0.997856 -0.0654432 0
    outer loop
      vertex -20.8345 23.3345 14
      vertex -20.8559 23.0082 15
      vertex -20.8559 23.0082 14
    endloop
  endfacet
  facet normal 0.980792 0.195058 0
    outer loop
      vertex -20.8559 23.6608 15
      vertex -20.9197 23.9816 14
      vertex -20.9197 23.9816 15
    endloop
  endfacet
  facet normal 0.980792 0.195058 0
    outer loop
      vertex -20.9197 23.9816 14
      vertex -20.8559 23.6608 15
      vertex -20.8559 23.6608 14
    endloop
  endfacet
  facet normal 0.98078 -0.195116 0
    outer loop
      vertex -20.9197 22.6875 15
      vertex -20.8559 23.0082 14
      vertex -20.8559 23.0082 15
    endloop
  endfacet
  facet normal 0.98078 -0.195116 0
    outer loop
      vertex -20.8559 23.0082 14
      vertex -20.9197 22.6875 15
      vertex -20.9197 22.6875 14
    endloop
  endfacet
  facet normal -0.946926 0.321453 0
    outer loop
      vertex -25.7493 23.9816 14
      vertex -25.6442 24.2912 15
      vertex -25.6442 24.2912 14
    endloop
  endfacet
  facet normal -0.946926 0.321453 0
    outer loop
      vertex -25.6442 24.2912 15
      vertex -25.7493 23.9816 14
      vertex -25.7493 23.9816 15
    endloop
  endfacet
  facet normal -0.442191 0.896921 0
    outer loop
      vertex -24.2912 25.6442 14
      vertex -24.5845 25.4996 15
      vertex -24.2912 25.6442 15
    endloop
  endfacet
  facet normal -0.442191 0.896921 0
    outer loop
      vertex -24.5845 25.4996 15
      vertex -24.2912 25.6442 14
      vertex -24.5845 25.4996 14
    endloop
  endfacet
  facet normal -0.997856 -0.0654432 0
    outer loop
      vertex -25.8131 23.0082 14
      vertex -25.8345 23.3345 15
      vertex -25.8345 23.3345 14
    endloop
  endfacet
  facet normal -0.997856 -0.0654432 0
    outer loop
      vertex -25.8345 23.3345 15
      vertex -25.8131 23.0082 14
      vertex -25.8131 23.0082 15
    endloop
  endfacet
  facet normal -0.946957 -0.32136 0
    outer loop
      vertex -25.6442 22.3778 14
      vertex -25.7493 22.6875 15
      vertex -25.7493 22.6875 14
    endloop
  endfacet
  facet normal -0.946957 -0.32136 0
    outer loop
      vertex -25.7493 22.6875 15
      vertex -25.6442 22.3778 14
      vertex -25.6442 22.3778 15
    endloop
  endfacet
  facet normal -0.98078 -0.195116 0
    outer loop
      vertex -25.7493 22.6875 14
      vertex -25.8131 23.0082 15
      vertex -25.8131 23.0082 14
    endloop
  endfacet
  facet normal -0.98078 -0.195116 0
    outer loop
      vertex -25.8131 23.0082 15
      vertex -25.7493 22.6875 14
      vertex -25.7493 22.6875 15
    endloop
  endfacet
  facet normal -0.0654432 0.997856 0
    outer loop
      vertex -23.3345 25.8345 14
      vertex -23.6608 25.8131 15
      vertex -23.3345 25.8345 15
    endloop
  endfacet
  facet normal -0.0654432 0.997856 0
    outer loop
      vertex -23.6608 25.8131 15
      vertex -23.3345 25.8345 14
      vertex -23.6608 25.8131 14
    endloop
  endfacet
  facet normal -0.659435 -0.751762 0
    outer loop
      vertex -25.1023 21.5668 14
      vertex -24.8564 21.3511 15
      vertex -25.1023 21.5668 15
    endloop
  endfacet
  facet normal -0.659435 -0.751762 -0
    outer loop
      vertex -24.8564 21.3511 15
      vertex -25.1023 21.5668 14
      vertex -24.8564 21.3511 14
    endloop
  endfacet
  facet normal 0.195116 0.98078 -0
    outer loop
      vertex -22.6875 25.7493 14
      vertex -23.0082 25.8131 15
      vertex -22.6875 25.7493 15
    endloop
  endfacet
  facet normal 0.195116 0.98078 0
    outer loop
      vertex -23.0082 25.8131 15
      vertex -22.6875 25.7493 14
      vertex -23.0082 25.8131 14
    endloop
  endfacet
  facet normal 0.32136 0.946957 -0
    outer loop
      vertex -22.3778 25.6442 14
      vertex -22.6875 25.7493 15
      vertex -22.3778 25.6442 15
    endloop
  endfacet
  facet normal 0.32136 0.946957 0
    outer loop
      vertex -22.6875 25.7493 15
      vertex -22.3778 25.6442 14
      vertex -22.6875 25.7493 14
    endloop
  endfacet
  facet normal 0.442437 -0.896799 0
    outer loop
      vertex -22.3778 21.0248 14
      vertex -22.0845 21.1695 15
      vertex -22.3778 21.0248 15
    endloop
  endfacet
  facet normal 0.442437 -0.896799 0
    outer loop
      vertex -22.0845 21.1695 15
      vertex -22.3778 21.0248 14
      vertex -22.0845 21.1695 14
    endloop
  endfacet
  facet normal -0.442437 -0.896799 0
    outer loop
      vertex -24.5845 21.1695 14
      vertex -24.2912 21.0248 15
      vertex -24.5845 21.1695 15
    endloop
  endfacet
  facet normal -0.442437 -0.896799 -0
    outer loop
      vertex -24.2912 21.0248 15
      vertex -24.5845 21.1695 14
      vertex -24.2912 21.0248 14
    endloop
  endfacet
  facet normal -0.896921 -0.442191 0
    outer loop
      vertex -25.4996 22.0845 14
      vertex -25.6442 22.3778 15
      vertex -25.6442 22.3778 14
    endloop
  endfacet
  facet normal -0.896921 -0.442191 0
    outer loop
      vertex -25.6442 22.3778 15
      vertex -25.4996 22.0845 14
      vertex -25.4996 22.0845 15
    endloop
  endfacet
  facet normal 0.751762 0.659435 0
    outer loop
      vertex -21.3511 24.8564 15
      vertex -21.5668 25.1023 14
      vertex -21.5668 25.1023 15
    endloop
  endfacet
  facet normal 0.751762 0.659435 0
    outer loop
      vertex -21.5668 25.1023 14
      vertex -21.3511 24.8564 15
      vertex -21.3511 24.8564 14
    endloop
  endfacet
  facet normal 0.997856 0.0654432 0
    outer loop
      vertex -20.8345 23.3345 15
      vertex -20.8559 23.6608 14
      vertex -20.8559 23.6608 15
    endloop
  endfacet
  facet normal 0.997856 0.0654432 0
    outer loop
      vertex -20.8559 23.6608 14
      vertex -20.8345 23.3345 15
      vertex -20.8345 23.3345 14
    endloop
  endfacet
  facet normal 0.659414 0.75178 -0
    outer loop
      vertex -21.5668 25.1023 14
      vertex -21.8126 25.3179 15
      vertex -21.5668 25.1023 15
    endloop
  endfacet
  facet normal 0.659414 0.75178 0
    outer loop
      vertex -21.8126 25.3179 15
      vertex -21.5668 25.1023 14
      vertex -21.8126 25.3179 14
    endloop
  endfacet
  facet normal 0.555617 0.831438 -0
    outer loop
      vertex -21.8126 25.3179 14
      vertex -22.0845 25.4996 15
      vertex -21.8126 25.3179 15
    endloop
  endfacet
  facet normal 0.555617 0.831438 0
    outer loop
      vertex -22.0845 25.4996 15
      vertex -21.8126 25.3179 14
      vertex -22.0845 25.4996 14
    endloop
  endfacet
  facet normal 0.896799 -0.442437 0
    outer loop
      vertex -21.1695 22.0845 15
      vertex -21.0248 22.3778 14
      vertex -21.0248 22.3778 15
    endloop
  endfacet
  facet normal 0.896799 -0.442437 0
    outer loop
      vertex -21.0248 22.3778 14
      vertex -21.1695 22.0845 15
      vertex -21.1695 22.0845 14
    endloop
  endfacet
  facet normal 0.0654432 -0.997856 0
    outer loop
      vertex -23.3345 20.8345 14
      vertex -23.0082 20.8559 15
      vertex -23.3345 20.8345 15
    endloop
  endfacet
  facet normal 0.0654432 -0.997856 0
    outer loop
      vertex -23.0082 20.8559 15
      vertex -23.3345 20.8345 14
      vertex -23.0082 20.8559 14
    endloop
  endfacet
  facet normal -0.997856 0.0654432 0
    outer loop
      vertex -25.8345 23.3345 14
      vertex -25.8131 23.6608 15
      vertex -25.8131 23.6608 14
    endloop
  endfacet
  facet normal -0.997856 0.0654432 0
    outer loop
      vertex -25.8131 23.6608 15
      vertex -25.8345 23.3345 14
      vertex -25.8345 23.3345 15
    endloop
  endfacet
  facet normal 0.32136 -0.946957 0
    outer loop
      vertex -22.6875 20.9197 14
      vertex -22.3778 21.0248 15
      vertex -22.6875 20.9197 15
    endloop
  endfacet
  facet normal 0.32136 -0.946957 0
    outer loop
      vertex -22.3778 21.0248 15
      vertex -22.6875 20.9197 14
      vertex -22.3778 21.0248 14
    endloop
  endfacet
  facet normal -0.896921 0.442191 0
    outer loop
      vertex -25.6442 24.2912 14
      vertex -25.4996 24.5845 15
      vertex -25.4996 24.5845 14
    endloop
  endfacet
  facet normal -0.896921 0.442191 0
    outer loop
      vertex -25.4996 24.5845 15
      vertex -25.6442 24.2912 14
      vertex -25.6442 24.2912 15
    endloop
  endfacet
  facet normal -0.195058 -0.980792 0
    outer loop
      vertex -23.9816 20.9197 14
      vertex -23.6608 20.8559 15
      vertex -23.9816 20.9197 15
    endloop
  endfacet
  facet normal -0.195058 -0.980792 -0
    outer loop
      vertex -23.6608 20.8559 15
      vertex -23.9816 20.9197 14
      vertex -23.6608 20.8559 14
    endloop
  endfacet
  facet normal -0.831438 -0.555617 0
    outer loop
      vertex -25.3179 21.8126 14
      vertex -25.4996 22.0845 15
      vertex -25.4996 22.0845 14
    endloop
  endfacet
  facet normal -0.831438 -0.555617 0
    outer loop
      vertex -25.4996 22.0845 15
      vertex -25.3179 21.8126 14
      vertex -25.3179 21.8126 15
    endloop
  endfacet
  facet normal 0.831579 -0.555406 0
    outer loop
      vertex -21.3511 21.8126 15
      vertex -21.1695 22.0845 14
      vertex -21.1695 22.0845 15
    endloop
  endfacet
  facet normal 0.831579 -0.555406 0
    outer loop
      vertex -21.1695 22.0845 14
      vertex -21.3511 21.8126 15
      vertex -21.3511 21.8126 14
    endloop
  endfacet
  facet normal 0.896799 0.442437 0
    outer loop
      vertex -21.0248 24.2912 15
      vertex -21.1695 24.5845 14
      vertex -21.1695 24.5845 15
    endloop
  endfacet
  facet normal 0.896799 0.442437 0
    outer loop
      vertex -21.1695 24.5845 14
      vertex -21.0248 24.2912 15
      vertex -21.0248 24.2912 14
    endloop
  endfacet
  facet normal 0 0 1
    outer loop
      vertex -20.8559 23.6608 15
      vertex -20.8559 23.0082 15
      vertex -20.8345 23.3345 15
    endloop
  endfacet
  facet normal 0 0 1
    outer loop
      vertex -20.9197 23.9816 15
      vertex -20.8559 23.0082 15
      vertex -20.8559 23.6608 15
    endloop
  endfacet
  facet normal 0 0 1
    outer loop
      vertex -20.9197 23.9816 15
      vertex -20.9197 22.6875 15
      vertex -20.8559 23.0082 15
    endloop
  endfacet
  facet normal 0 0 1
    outer loop
      vertex -21.0248 24.2912 15
      vertex -20.9197 22.6875 15
      vertex -20.9197 23.9816 15
    endloop
  endfacet
  facet normal 0 0 1
    outer loop
      vertex -21.0248 24.2912 15
      vertex -21.0248 22.3778 15
      vertex -20.9197 22.6875 15
    endloop
  endfacet
  facet normal 0 0 1
    outer loop
      vertex -21.1695 24.5845 15
      vertex -21.0248 22.3778 15
      vertex -21.0248 24.2912 15
    endloop
  endfacet
  facet normal 0 0 1
    outer loop
      vertex -21.1695 24.5845 15
      vertex -21.1695 22.0845 15
      vertex -21.0248 22.3778 15
    endloop
  endfacet
  facet normal 0 0 1
    outer loop
      vertex -21.3511 24.8564 15
      vertex -21.1695 22.0845 15
      vertex -21.1695 24.5845 15
    endloop
  endfacet
  facet normal 0 0 1
    outer loop
      vertex -21.3511 24.8564 15
      vertex -21.3511 21.8126 15
      vertex -21.1695 22.0845 15
    endloop
  endfacet
  facet normal 0 0 1
    outer loop
      vertex -21.5668 25.1023 15
      vertex -21.3511 21.8126 15
      vertex -21.3511 24.8564 15
    endloop
  endfacet
  facet normal 0 0 1
    outer loop
      vertex -21.5668 25.1023 15
      vertex -21.5668 21.5668 15
      vertex -21.3511 21.8126 15
    endloop
  endfacet
  facet normal 0 0 1
    outer loop
      vertex -21.8126 25.3179 15
      vertex -21.5668 21.5668 15
      vertex -21.5668 25.1023 15
    endloop
  endfacet
  facet normal 0 0 1
    outer loop
      vertex -21.8126 25.3179 15
      vertex -21.8126 21.3511 15
      vertex -21.5668 21.5668 15
    endloop
  endfacet
  facet normal 0 0 1
    outer loop
      vertex -22.0845 25.4996 15
      vertex -21.8126 21.3511 15
      vertex -21.8126 25.3179 15
    endloop
  endfacet
  facet normal 0 0 1
    outer loop
      vertex -22.0845 25.4996 15
      vertex -22.0845 21.1695 15
      vertex -21.8126 21.3511 15
    endloop
  endfacet
  facet normal 0 0 1
    outer loop
      vertex -22.3778 25.6442 15
      vertex -22.0845 21.1695 15
      vertex -22.0845 25.4996 15
    endloop
  endfacet
  facet normal 0 0 1
    outer loop
      vertex -22.3778 25.6442 15
      vertex -22.3778 21.0248 15
      vertex -22.0845 21.1695 15
    endloop
  endfacet
  facet normal 0 0 1
    outer loop
      vertex -22.6875 25.7493 15
      vertex -22.3778 21.0248 15
      vertex -22.3778 25.6442 15
    endloop
  endfacet
  facet normal 0 0 1
    outer loop
      vertex -22.6875 25.7493 15
      vertex -22.6875 20.9197 15
      vertex -22.3778 21.0248 15
    endloop
  endfacet
  facet normal 0 0 1
    outer loop
      vertex -23.0082 25.8131 15
      vertex -22.6875 20.9197 15
      vertex -22.6875 25.7493 15
    endloop
  endfacet
  facet normal 0 0 1
    outer loop
      vertex -23.0082 25.8131 15
      vertex -23.0082 20.8559 15
      vertex -22.6875 20.9197 15
    endloop
  endfacet
  facet normal 0 0 1
    outer loop
      vertex -23.3345 25.8345 15
      vertex -23.0082 20.8559 15
      vertex -23.0082 25.8131 15
    endloop
  endfacet
  facet normal 0 0 1
    outer loop
      vertex -23.3345 25.8345 15
      vertex -23.3345 20.8345 15
      vertex -23.0082 20.8559 15
    endloop
  endfacet
  facet normal -0 0 1
    outer loop
      vertex -23.6608 25.8131 15
      vertex -23.3345 20.8345 15
      vertex -23.3345 25.8345 15
    endloop
  endfacet
  facet normal 0 0 1
    outer loop
      vertex -23.6608 25.8131 15
      vertex -23.6608 20.8559 15
      vertex -23.3345 20.8345 15
    endloop
  endfacet
  facet normal -0 0 1
    outer loop
      vertex -23.9816 25.7493 15
      vertex -23.6608 20.8559 15
      vertex -23.6608 25.8131 15
    endloop
  endfacet
  facet normal 0 0 1
    outer loop
      vertex -23.9816 25.7493 15
      vertex -23.9816 20.9197 15
      vertex -23.6608 20.8559 15
    endloop
  endfacet
  facet normal -0 0 1
    outer loop
      vertex -24.2912 25.6442 15
      vertex -23.9816 20.9197 15
      vertex -23.9816 25.7493 15
    endloop
  endfacet
  facet normal 0 0 1
    outer loop
      vertex -24.2912 25.6442 15
      vertex -24.2912 21.0248 15
      vertex -23.9816 20.9197 15
    endloop
  endfacet
  facet normal -0 0 1
    outer loop
      vertex -24.5845 25.4996 15
      vertex -24.2912 21.0248 15
      vertex -24.2912 25.6442 15
    endloop
  endfacet
  facet normal 0 0 1
    outer loop
      vertex -24.5845 25.4996 15
      vertex -24.5845 21.1695 15
      vertex -24.2912 21.0248 15
    endloop
  endfacet
  facet normal -0 0 1
    outer loop
      vertex -24.8564 25.3179 15
      vertex -24.5845 21.1695 15
      vertex -24.5845 25.4996 15
    endloop
  endfacet
  facet normal 0 0 1
    outer loop
      vertex -24.8564 25.3179 15
      vertex -24.8564 21.3511 15
      vertex -24.5845 21.1695 15
    endloop
  endfacet
  facet normal -0 0 1
    outer loop
      vertex -25.1023 25.1023 15
      vertex -24.8564 21.3511 15
      vertex -24.8564 25.3179 15
    endloop
  endfacet
  facet normal 0 0 1
    outer loop
      vertex -25.1023 25.1023 15
      vertex -25.1023 21.5668 15
      vertex -24.8564 21.3511 15
    endloop
  endfacet
  facet normal -0 0 1
    outer loop
      vertex -25.3179 24.8564 15
      vertex -25.1023 21.5668 15
      vertex -25.1023 25.1023 15
    endloop
  endfacet
  facet normal 0 0 1
    outer loop
      vertex -25.3179 24.8564 15
      vertex -25.3179 21.8126 15
      vertex -25.1023 21.5668 15
    endloop
  endfacet
  facet normal -0 0 1
    outer loop
      vertex -25.4996 24.5845 15
      vertex -25.3179 21.8126 15
      vertex -25.3179 24.8564 15
    endloop
  endfacet
  facet normal 0 0 1
    outer loop
      vertex -25.4996 24.5845 15
      vertex -25.4996 22.0845 15
      vertex -25.3179 21.8126 15
    endloop
  endfacet
  facet normal -0 0 1
    outer loop
      vertex -25.6442 24.2912 15
      vertex -25.4996 22.0845 15
      vertex -25.4996 24.5845 15
    endloop
  endfacet
  facet normal 0 0 1
    outer loop
      vertex -25.6442 24.2912 15
      vertex -25.6442 22.3778 15
      vertex -25.4996 22.0845 15
    endloop
  endfacet
  facet normal -0 0 1
    outer loop
      vertex -25.7493 23.9816 15
      vertex -25.6442 22.3778 15
      vertex -25.6442 24.2912 15
    endloop
  endfacet
  facet normal 0 0 1
    outer loop
      vertex -25.7493 23.9816 15
      vertex -25.7493 22.6875 15
      vertex -25.6442 22.3778 15
    endloop
  endfacet
  facet normal -0 0 1
    outer loop
      vertex -25.8131 23.6608 15
      vertex -25.7493 22.6875 15
      vertex -25.7493 23.9816 15
    endloop
  endfacet
  facet normal 0 0 1
    outer loop
      vertex -25.8131 23.6608 15
      vertex -25.8131 23.0082 15
      vertex -25.7493 22.6875 15
    endloop
  endfacet
  facet normal 0 -0 1
    outer loop
      vertex -25.8131 23.0082 15
      vertex -25.8131 23.6608 15
      vertex -25.8345 23.3345 15
    endloop
  endfacet
  facet normal 0.659586 -0.751629 0
    outer loop
      vertex -21.8126 21.3511 14
      vertex -21.5668 21.5668 15
      vertex -21.8126 21.3511 15
    endloop
  endfacet
  facet normal 0.659586 -0.751629 0
    outer loop
      vertex -21.5668 21.5668 15
      vertex -21.8126 21.3511 14
      vertex -21.5668 21.5668 14
    endloop
  endfacet
  facet normal 0.555406 -0.831579 0
    outer loop
      vertex -22.0845 21.1695 14
      vertex -21.8126 21.3511 15
      vertex -22.0845 21.1695 15
    endloop
  endfacet
  facet normal 0.555406 -0.831579 0
    outer loop
      vertex -21.8126 21.3511 15
      vertex -22.0845 21.1695 14
      vertex -21.8126 21.3511 14
    endloop
  endfacet
  facet normal 0.751629 -0.659586 0
    outer loop
      vertex -21.5668 21.5668 15
      vertex -21.3511 21.8126 14
      vertex -21.3511 21.8126 15
    endloop
  endfacet
  facet normal 0.751629 -0.659586 0
    outer loop
      vertex -21.3511 21.8126 14
      vertex -21.5668 21.5668 15
      vertex -21.5668 21.5668 14
    endloop
  endfacet
  facet normal -0.659262 0.751913 0
    outer loop
      vertex -24.8564 25.3179 14
      vertex -25.1023 25.1023 15
      vertex -24.8564 25.3179 15
    endloop
  endfacet
  facet normal -0.659262 0.751913 0
    outer loop
      vertex -25.1023 25.1023 15
      vertex -24.8564 25.3179 14
      vertex -25.1023 25.1023 14
    endloop
  endfacet
  facet normal -0.321453 -0.946926 0
    outer loop
      vertex -24.2912 21.0248 14
      vertex -23.9816 20.9197 15
      vertex -24.2912 21.0248 15
    endloop
  endfacet
  facet normal -0.321453 -0.946926 -0
    outer loop
      vertex -23.9816 20.9197 15
      vertex -24.2912 21.0248 14
      vertex -23.9816 20.9197 14
    endloop
  endfacet
  facet normal 0.946957 -0.32136 0
    outer loop
      vertex -21.0248 22.3778 15
      vertex -20.9197 22.6875 14
      vertex -20.9197 22.6875 15
    endloop
  endfacet
  facet normal 0.946957 -0.32136 0
    outer loop
      vertex -20.9197 22.6875 14
      vertex -21.0248 22.3778 15
      vertex -21.0248 22.3778 14
    endloop
  endfacet
  facet normal 0.195116 -0.98078 0
    outer loop
      vertex -23.0082 20.8559 14
      vertex -22.6875 20.9197 15
      vertex -23.0082 20.8559 15
    endloop
  endfacet
  facet normal 0.195116 -0.98078 0
    outer loop
      vertex -22.6875 20.9197 15
      vertex -23.0082 20.8559 14
      vertex -22.6875 20.9197 14
    endloop
  endfacet
  facet normal -0.751913 -0.659262 0
    outer loop
      vertex -25.1023 -25.1023 14
      vertex -25.3179 -24.8564 15
      vertex -25.3179 -24.8564 14
    endloop
  endfacet
  facet normal -0.751913 -0.659262 0
    outer loop
      vertex -25.3179 -24.8564 15
      vertex -25.1023 -25.1023 14
      vertex -25.1023 -25.1023 15
    endloop
  endfacet
  facet normal 0.831579 -0.555406 0
    outer loop
      vertex -21.3511 -24.8564 15
      vertex -21.1695 -24.5845 14
      vertex -21.1695 -24.5845 15
    endloop
  endfacet
  facet normal 0.831579 -0.555406 0
    outer loop
      vertex -21.1695 -24.5845 14
      vertex -21.3511 -24.8564 15
      vertex -21.3511 -24.8564 14
    endloop
  endfacet
  facet normal -0.997856 0.0654432 0
    outer loop
      vertex -25.8345 -23.3345 14
      vertex -25.8131 -23.0082 15
      vertex -25.8131 -23.0082 14
    endloop
  endfacet
  facet normal -0.997856 0.0654432 0
    outer loop
      vertex -25.8131 -23.0082 15
      vertex -25.8345 -23.3345 14
      vertex -25.8345 -23.3345 15
    endloop
  endfacet
  facet normal -0.321453 -0.946926 0
    outer loop
      vertex -24.2912 -25.6442 14
      vertex -23.9816 -25.7493 15
      vertex -24.2912 -25.6442 15
    endloop
  endfacet
  facet normal -0.321453 -0.946926 -0
    outer loop
      vertex -23.9816 -25.7493 15
      vertex -24.2912 -25.6442 14
      vertex -23.9816 -25.7493 14
    endloop
  endfacet
  facet normal -0.659262 -0.751913 0
    outer loop
      vertex -25.1023 -25.1023 14
      vertex -24.8564 -25.3179 15
      vertex -25.1023 -25.1023 15
    endloop
  endfacet
  facet normal -0.659262 -0.751913 -0
    outer loop
      vertex -24.8564 -25.3179 15
      vertex -25.1023 -25.1023 14
      vertex -24.8564 -25.3179 14
    endloop
  endfacet
  facet normal -0.659435 0.751762 0
    outer loop
      vertex -24.8564 -21.3511 14
      vertex -25.1023 -21.5668 15
      vertex -24.8564 -21.3511 15
    endloop
  endfacet
  facet normal -0.659435 0.751762 0
    outer loop
      vertex -25.1023 -21.5668 15
      vertex -24.8564 -21.3511 14
      vertex -25.1023 -21.5668 14
    endloop
  endfacet
  facet normal -0.980792 -0.195058 0
    outer loop
      vertex -25.7493 -23.9816 14
      vertex -25.8131 -23.6608 15
      vertex -25.8131 -23.6608 14
    endloop
  endfacet
  facet normal -0.980792 -0.195058 0
    outer loop
      vertex -25.8131 -23.6608 15
      vertex -25.7493 -23.9816 14
      vertex -25.7493 -23.9816 15
    endloop
  endfacet
  facet normal -0.555406 0.831579 0
    outer loop
      vertex -24.5845 -21.1695 14
      vertex -24.8564 -21.3511 15
      vertex -24.5845 -21.1695 15
    endloop
  endfacet
  facet normal -0.555406 0.831579 0
    outer loop
      vertex -24.8564 -21.3511 15
      vertex -24.5845 -21.1695 14
      vertex -24.8564 -21.3511 14
    endloop
  endfacet
  facet normal -0.946926 -0.321453 0
    outer loop
      vertex -25.6442 -24.2912 14
      vertex -25.7493 -23.9816 15
      vertex -25.7493 -23.9816 14
    endloop
  endfacet
  facet normal -0.946926 -0.321453 0
    outer loop
      vertex -25.7493 -23.9816 15
      vertex -25.6442 -24.2912 14
      vertex -25.6442 -24.2912 15
    endloop
  endfacet
  facet normal -0.997856 -0.0654432 0
    outer loop
      vertex -25.8131 -23.6608 14
      vertex -25.8345 -23.3345 15
      vertex -25.8345 -23.3345 14
    endloop
  endfacet
  facet normal -0.997856 -0.0654432 0
    outer loop
      vertex -25.8345 -23.3345 15
      vertex -25.8131 -23.6608 14
      vertex -25.8131 -23.6608 15
    endloop
  endfacet
  facet normal -0.195058 -0.980792 0
    outer loop
      vertex -23.9816 -25.7493 14
      vertex -23.6608 -25.8131 15
      vertex -23.9816 -25.7493 15
    endloop
  endfacet
  facet normal -0.195058 -0.980792 -0
    outer loop
      vertex -23.6608 -25.8131 15
      vertex -23.9816 -25.7493 14
      vertex -23.6608 -25.8131 14
    endloop
  endfacet
  facet normal -0.896921 0.442191 0
    outer loop
      vertex -25.6442 -22.3778 14
      vertex -25.4996 -22.0845 15
      vertex -25.4996 -22.0845 14
    endloop
  endfacet
  facet normal -0.896921 0.442191 0
    outer loop
      vertex -25.4996 -22.0845 15
      vertex -25.6442 -22.3778 14
      vertex -25.6442 -22.3778 15
    endloop
  endfacet
  facet normal 0.0654432 0.997856 -0
    outer loop
      vertex -23.0082 -20.8559 14
      vertex -23.3345 -20.8345 15
      vertex -23.0082 -20.8559 15
    endloop
  endfacet
  facet normal 0.0654432 0.997856 0
    outer loop
      vertex -23.3345 -20.8345 15
      vertex -23.0082 -20.8559 14
      vertex -23.3345 -20.8345 14
    endloop
  endfacet
  facet normal 0.997856 -0.0654432 0
    outer loop
      vertex -20.8559 -23.6608 15
      vertex -20.8345 -23.3345 14
      vertex -20.8345 -23.3345 15
    endloop
  endfacet
  facet normal 0.997856 -0.0654432 0
    outer loop
      vertex -20.8345 -23.3345 14
      vertex -20.8559 -23.6608 15
      vertex -20.8559 -23.6608 14
    endloop
  endfacet
  facet normal 0.659414 -0.75178 0
    outer loop
      vertex -21.8126 -25.3179 14
      vertex -21.5668 -25.1023 15
      vertex -21.8126 -25.3179 15
    endloop
  endfacet
  facet normal 0.659414 -0.75178 0
    outer loop
      vertex -21.5668 -25.1023 15
      vertex -21.8126 -25.3179 14
      vertex -21.5668 -25.1023 14
    endloop
  endfacet
  facet normal -0.555617 -0.831438 0
    outer loop
      vertex -24.8564 -25.3179 14
      vertex -24.5845 -25.4996 15
      vertex -24.8564 -25.3179 15
    endloop
  endfacet
  facet normal -0.555617 -0.831438 -0
    outer loop
      vertex -24.5845 -25.4996 15
      vertex -24.8564 -25.3179 14
      vertex -24.5845 -25.4996 14
    endloop
  endfacet
  facet normal -0.321453 0.946926 0
    outer loop
      vertex -23.9816 -20.9197 14
      vertex -24.2912 -21.0248 15
      vertex -23.9816 -20.9197 15
    endloop
  endfacet
  facet normal -0.321453 0.946926 0
    outer loop
      vertex -24.2912 -21.0248 15
      vertex -23.9816 -20.9197 14
      vertex -24.2912 -21.0248 14
    endloop
  endfacet
  facet normal 0.896799 0.442437 0
    outer loop
      vertex -21.0248 -22.3778 15
      vertex -21.1695 -22.0845 14
      vertex -21.1695 -22.0845 15
    endloop
  endfacet
  facet normal 0.896799 0.442437 0
    outer loop
      vertex -21.1695 -22.0845 14
      vertex -21.0248 -22.3778 15
      vertex -21.0248 -22.3778 14
    endloop
  endfacet
  facet normal -0.195058 0.980792 0
    outer loop
      vertex -23.6608 -20.8559 14
      vertex -23.9816 -20.9197 15
      vertex -23.6608 -20.8559 15
    endloop
  endfacet
  facet normal -0.195058 0.980792 0
    outer loop
      vertex -23.9816 -20.9197 15
      vertex -23.6608 -20.8559 14
      vertex -23.9816 -20.9197 14
    endloop
  endfacet
  facet normal 0.195116 0.98078 -0
    outer loop
      vertex -22.6875 -20.9197 14
      vertex -23.0082 -20.8559 15
      vertex -22.6875 -20.9197 15
    endloop
  endfacet
  facet normal 0.195116 0.98078 0
    outer loop
      vertex -23.0082 -20.8559 15
      vertex -22.6875 -20.9197 14
      vertex -23.0082 -20.8559 14
    endloop
  endfacet
  facet normal 0.555406 0.831579 -0
    outer loop
      vertex -21.8126 -21.3511 14
      vertex -22.0845 -21.1695 15
      vertex -21.8126 -21.3511 15
    endloop
  endfacet
  facet normal 0.555406 0.831579 0
    outer loop
      vertex -22.0845 -21.1695 15
      vertex -21.8126 -21.3511 14
      vertex -22.0845 -21.1695 14
    endloop
  endfacet
  facet normal -0.896921 -0.442191 0
    outer loop
      vertex -25.4996 -24.5845 14
      vertex -25.6442 -24.2912 15
      vertex -25.6442 -24.2912 14
    endloop
  endfacet
  facet normal -0.896921 -0.442191 0
    outer loop
      vertex -25.6442 -24.2912 15
      vertex -25.4996 -24.5845 14
      vertex -25.4996 -24.5845 15
    endloop
  endfacet
  facet normal 0.442437 0.896799 -0
    outer loop
      vertex -22.0845 -21.1695 14
      vertex -22.3778 -21.0248 15
      vertex -22.0845 -21.1695 15
    endloop
  endfacet
  facet normal 0.442437 0.896799 0
    outer loop
      vertex -22.3778 -21.0248 15
      vertex -22.0845 -21.1695 14
      vertex -22.3778 -21.0248 14
    endloop
  endfacet
  facet normal 0.0654432 -0.997856 0
    outer loop
      vertex -23.3345 -25.8345 14
      vertex -23.0082 -25.8131 15
      vertex -23.3345 -25.8345 15
    endloop
  endfacet
  facet normal 0.0654432 -0.997856 0
    outer loop
      vertex -23.0082 -25.8131 15
      vertex -23.3345 -25.8345 14
      vertex -23.0082 -25.8131 14
    endloop
  endfacet
  facet normal 0.32136 -0.946957 0
    outer loop
      vertex -22.6875 -25.7493 14
      vertex -22.3778 -25.6442 15
      vertex -22.6875 -25.7493 15
    endloop
  endfacet
  facet normal 0.32136 -0.946957 0
    outer loop
      vertex -22.3778 -25.6442 15
      vertex -22.6875 -25.7493 14
      vertex -22.3778 -25.6442 14
    endloop
  endfacet
  facet normal 0.195116 -0.98078 0
    outer loop
      vertex -23.0082 -25.8131 14
      vertex -22.6875 -25.7493 15
      vertex -23.0082 -25.8131 15
    endloop
  endfacet
  facet normal 0.195116 -0.98078 0
    outer loop
      vertex -22.6875 -25.7493 15
      vertex -23.0082 -25.8131 14
      vertex -22.6875 -25.7493 14
    endloop
  endfacet
  facet normal 0.751762 -0.659435 0
    outer loop
      vertex -21.5668 -25.1023 15
      vertex -21.3511 -24.8564 14
      vertex -21.3511 -24.8564 15
    endloop
  endfacet
  facet normal 0.751762 -0.659435 0
    outer loop
      vertex -21.3511 -24.8564 14
      vertex -21.5668 -25.1023 15
      vertex -21.5668 -25.1023 14
    endloop
  endfacet
  facet normal -0.831438 -0.555617 0
    outer loop
      vertex -25.3179 -24.8564 14
      vertex -25.4996 -24.5845 15
      vertex -25.4996 -24.5845 14
    endloop
  endfacet
  facet normal -0.831438 -0.555617 0
    outer loop
      vertex -25.4996 -24.5845 15
      vertex -25.3179 -24.8564 14
      vertex -25.3179 -24.8564 15
    endloop
  endfacet
  facet normal -0.98078 0.195116 0
    outer loop
      vertex -25.8131 -23.0082 14
      vertex -25.7493 -22.6875 15
      vertex -25.7493 -22.6875 14
    endloop
  endfacet
  facet normal -0.98078 0.195116 0
    outer loop
      vertex -25.7493 -22.6875 15
      vertex -25.8131 -23.0082 14
      vertex -25.8131 -23.0082 15
    endloop
  endfacet
  facet normal -0.946957 0.32136 0
    outer loop
      vertex -25.7493 -22.6875 14
      vertex -25.6442 -22.3778 15
      vertex -25.6442 -22.3778 14
    endloop
  endfacet
  facet normal -0.946957 0.32136 0
    outer loop
      vertex -25.6442 -22.3778 15
      vertex -25.7493 -22.6875 14
      vertex -25.7493 -22.6875 15
    endloop
  endfacet
  facet normal 0.831579 0.555406 0
    outer loop
      vertex -21.1695 -22.0845 15
      vertex -21.3511 -21.8126 14
      vertex -21.3511 -21.8126 15
    endloop
  endfacet
  facet normal 0.831579 0.555406 0
    outer loop
      vertex -21.3511 -21.8126 14
      vertex -21.1695 -22.0845 15
      vertex -21.1695 -22.0845 14
    endloop
  endfacet
  facet normal 0.896799 -0.442437 0
    outer loop
      vertex -21.1695 -24.5845 15
      vertex -21.0248 -24.2912 14
      vertex -21.0248 -24.2912 15
    endloop
  endfacet
  facet normal 0.896799 -0.442437 0
    outer loop
      vertex -21.0248 -24.2912 14
      vertex -21.1695 -24.5845 15
      vertex -21.1695 -24.5845 14
    endloop
  endfacet
  facet normal 0.442191 -0.896921 0
    outer loop
      vertex -22.3778 -25.6442 14
      vertex -22.0845 -25.4996 15
      vertex -22.3778 -25.6442 15
    endloop
  endfacet
  facet normal 0.442191 -0.896921 0
    outer loop
      vertex -22.0845 -25.4996 15
      vertex -22.3778 -25.6442 14
      vertex -22.0845 -25.4996 14
    endloop
  endfacet
  facet normal -0.0654432 0.997856 0
    outer loop
      vertex -23.3345 -20.8345 14
      vertex -23.6608 -20.8559 15
      vertex -23.3345 -20.8345 15
    endloop
  endfacet
  facet normal -0.0654432 0.997856 0
    outer loop
      vertex -23.6608 -20.8559 15
      vertex -23.3345 -20.8345 14
      vertex -23.6608 -20.8559 14
    endloop
  endfacet
  facet normal -0.75178 0.659414 0
    outer loop
      vertex -25.3179 -21.8126 14
      vertex -25.1023 -21.5668 15
      vertex -25.1023 -21.5668 14
    endloop
  endfacet
  facet normal -0.75178 0.659414 0
    outer loop
      vertex -25.1023 -21.5668 15
      vertex -25.3179 -21.8126 14
      vertex -25.3179 -21.8126 15
    endloop
  endfacet
  facet normal -0.831438 0.555617 0
    outer loop
      vertex -25.4996 -22.0845 14
      vertex -25.3179 -21.8126 15
      vertex -25.3179 -21.8126 14
    endloop
  endfacet
  facet normal -0.831438 0.555617 0
    outer loop
      vertex -25.3179 -21.8126 15
      vertex -25.4996 -22.0845 14
      vertex -25.4996 -22.0845 15
    endloop
  endfacet
  facet normal 0.997856 0.0654432 0
    outer loop
      vertex -20.8345 -23.3345 15
      vertex -20.8559 -23.0082 14
      vertex -20.8559 -23.0082 15
    endloop
  endfacet
  facet normal 0.997856 0.0654432 0
    outer loop
      vertex -20.8559 -23.0082 14
      vertex -20.8345 -23.3345 15
      vertex -20.8345 -23.3345 14
    endloop
  endfacet
  facet normal -0.0654432 -0.997856 0
    outer loop
      vertex -23.6608 -25.8131 14
      vertex -23.3345 -25.8345 15
      vertex -23.6608 -25.8131 15
    endloop
  endfacet
  facet normal -0.0654432 -0.997856 -0
    outer loop
      vertex -23.3345 -25.8345 15
      vertex -23.6608 -25.8131 14
      vertex -23.3345 -25.8345 14
    endloop
  endfacet
  facet normal 0.946957 0.32136 0
    outer loop
      vertex -20.9197 -22.6875 15
      vertex -21.0248 -22.3778 14
      vertex -21.0248 -22.3778 15
    endloop
  endfacet
  facet normal 0.946957 0.32136 0
    outer loop
      vertex -21.0248 -22.3778 14
      vertex -20.9197 -22.6875 15
      vertex -20.9197 -22.6875 14
    endloop
  endfacet
  facet normal -0.442191 -0.896921 0
    outer loop
      vertex -24.5845 -25.4996 14
      vertex -24.2912 -25.6442 15
      vertex -24.5845 -25.4996 15
    endloop
  endfacet
  facet normal -0.442191 -0.896921 -0
    outer loop
      vertex -24.2912 -25.6442 15
      vertex -24.5845 -25.4996 14
      vertex -24.2912 -25.6442 14
    endloop
  endfacet
  facet normal 0.98078 0.195116 0
    outer loop
      vertex -20.8559 -23.0082 15
      vertex -20.9197 -22.6875 14
      vertex -20.9197 -22.6875 15
    endloop
  endfacet
  facet normal 0.98078 0.195116 0
    outer loop
      vertex -20.9197 -22.6875 14
      vertex -20.8559 -23.0082 15
      vertex -20.8559 -23.0082 14
    endloop
  endfacet
  facet normal 0.980792 -0.195058 0
    outer loop
      vertex -20.9197 -23.9816 15
      vertex -20.8559 -23.6608 14
      vertex -20.8559 -23.6608 15
    endloop
  endfacet
  facet normal 0.980792 -0.195058 0
    outer loop
      vertex -20.8559 -23.6608 14
      vertex -20.9197 -23.9816 15
      vertex -20.9197 -23.9816 14
    endloop
  endfacet
  facet normal 0.555617 -0.831438 0
    outer loop
      vertex -22.0845 -25.4996 14
      vertex -21.8126 -25.3179 15
      vertex -22.0845 -25.4996 15
    endloop
  endfacet
  facet normal 0.555617 -0.831438 0
    outer loop
      vertex -21.8126 -25.3179 15
      vertex -22.0845 -25.4996 14
      vertex -21.8126 -25.3179 14
    endloop
  endfacet
  facet normal 0 0 1
    outer loop
      vertex -20.8559 -23.0082 15
      vertex -20.8559 -23.6608 15
      vertex -20.8345 -23.3345 15
    endloop
  endfacet
  facet normal 0 0 1
    outer loop
      vertex -20.9197 -22.6875 15
      vertex -20.8559 -23.6608 15
      vertex -20.8559 -23.0082 15
    endloop
  endfacet
  facet normal 0 0 1
    outer loop
      vertex -20.9197 -22.6875 15
      vertex -20.9197 -23.9816 15
      vertex -20.8559 -23.6608 15
    endloop
  endfacet
  facet normal 0 0 1
    outer loop
      vertex -21.0248 -22.3778 15
      vertex -20.9197 -23.9816 15
      vertex -20.9197 -22.6875 15
    endloop
  endfacet
  facet normal 0 0 1
    outer loop
      vertex -21.0248 -22.3778 15
      vertex -21.0248 -24.2912 15
      vertex -20.9197 -23.9816 15
    endloop
  endfacet
  facet normal 0 0 1
    outer loop
      vertex -21.1695 -22.0845 15
      vertex -21.0248 -24.2912 15
      vertex -21.0248 -22.3778 15
    endloop
  endfacet
  facet normal 0 0 1
    outer loop
      vertex -21.1695 -22.0845 15
      vertex -21.1695 -24.5845 15
      vertex -21.0248 -24.2912 15
    endloop
  endfacet
  facet normal 0 0 1
    outer loop
      vertex -21.3511 -21.8126 15
      vertex -21.1695 -24.5845 15
      vertex -21.1695 -22.0845 15
    endloop
  endfacet
  facet normal 0 0 1
    outer loop
      vertex -21.3511 -21.8126 15
      vertex -21.3511 -24.8564 15
      vertex -21.1695 -24.5845 15
    endloop
  endfacet
  facet normal 0 0 1
    outer loop
      vertex -21.5668 -21.5668 15
      vertex -21.3511 -24.8564 15
      vertex -21.3511 -21.8126 15
    endloop
  endfacet
  facet normal 0 0 1
    outer loop
      vertex -21.5668 -21.5668 15
      vertex -21.5668 -25.1023 15
      vertex -21.3511 -24.8564 15
    endloop
  endfacet
  facet normal 0 0 1
    outer loop
      vertex -21.8126 -21.3511 15
      vertex -21.5668 -25.1023 15
      vertex -21.5668 -21.5668 15
    endloop
  endfacet
  facet normal 0 0 1
    outer loop
      vertex -21.8126 -21.3511 15
      vertex -21.8126 -25.3179 15
      vertex -21.5668 -25.1023 15
    endloop
  endfacet
  facet normal 0 0 1
    outer loop
      vertex -22.0845 -21.1695 15
      vertex -21.8126 -25.3179 15
      vertex -21.8126 -21.3511 15
    endloop
  endfacet
  facet normal 0 0 1
    outer loop
      vertex -22.0845 -21.1695 15
      vertex -22.0845 -25.4996 15
      vertex -21.8126 -25.3179 15
    endloop
  endfacet
  facet normal 0 0 1
    outer loop
      vertex -22.3778 -21.0248 15
      vertex -22.0845 -25.4996 15
      vertex -22.0845 -21.1695 15
    endloop
  endfacet
  facet normal 0 0 1
    outer loop
      vertex -22.3778 -21.0248 15
      vertex -22.3778 -25.6442 15
      vertex -22.0845 -25.4996 15
    endloop
  endfacet
  facet normal 0 0 1
    outer loop
      vertex -22.6875 -20.9197 15
      vertex -22.3778 -25.6442 15
      vertex -22.3778 -21.0248 15
    endloop
  endfacet
  facet normal 0 0 1
    outer loop
      vertex -22.6875 -20.9197 15
      vertex -22.6875 -25.7493 15
      vertex -22.3778 -25.6442 15
    endloop
  endfacet
  facet normal 0 0 1
    outer loop
      vertex -23.0082 -20.8559 15
      vertex -22.6875 -25.7493 15
      vertex -22.6875 -20.9197 15
    endloop
  endfacet
  facet normal 0 0 1
    outer loop
      vertex -23.0082 -20.8559 15
      vertex -23.0082 -25.8131 15
      vertex -22.6875 -25.7493 15
    endloop
  endfacet
  facet normal 0 0 1
    outer loop
      vertex -23.3345 -20.8345 15
      vertex -23.0082 -25.8131 15
      vertex -23.0082 -20.8559 15
    endloop
  endfacet
  facet normal 0 0 1
    outer loop
      vertex -23.3345 -20.8345 15
      vertex -23.3345 -25.8345 15
      vertex -23.0082 -25.8131 15
    endloop
  endfacet
  facet normal -0 0 1
    outer loop
      vertex -23.6608 -20.8559 15
      vertex -23.3345 -25.8345 15
      vertex -23.3345 -20.8345 15
    endloop
  endfacet
  facet normal 0 0 1
    outer loop
      vertex -23.6608 -20.8559 15
      vertex -23.6608 -25.8131 15
      vertex -23.3345 -25.8345 15
    endloop
  endfacet
  facet normal -0 0 1
    outer loop
      vertex -23.9816 -20.9197 15
      vertex -23.6608 -25.8131 15
      vertex -23.6608 -20.8559 15
    endloop
  endfacet
  facet normal 0 0 1
    outer loop
      vertex -23.9816 -20.9197 15
      vertex -23.9816 -25.7493 15
      vertex -23.6608 -25.8131 15
    endloop
  endfacet
  facet normal -0 0 1
    outer loop
      vertex -24.2912 -21.0248 15
      vertex -23.9816 -25.7493 15
      vertex -23.9816 -20.9197 15
    endloop
  endfacet
  facet normal 0 0 1
    outer loop
      vertex -24.2912 -21.0248 15
      vertex -24.2912 -25.6442 15
      vertex -23.9816 -25.7493 15
    endloop
  endfacet
  facet normal -0 0 1
    outer loop
      vertex -24.5845 -21.1695 15
      vertex -24.2912 -25.6442 15
      vertex -24.2912 -21.0248 15
    endloop
  endfacet
  facet normal 0 0 1
    outer loop
      vertex -24.5845 -21.1695 15
      vertex -24.5845 -25.4996 15
      vertex -24.2912 -25.6442 15
    endloop
  endfacet
  facet normal -0 0 1
    outer loop
      vertex -24.8564 -21.3511 15
      vertex -24.5845 -25.4996 15
      vertex -24.5845 -21.1695 15
    endloop
  endfacet
  facet normal 0 0 1
    outer loop
      vertex -24.8564 -21.3511 15
      vertex -24.8564 -25.3179 15
      vertex -24.5845 -25.4996 15
    endloop
  endfacet
  facet normal -0 0 1
    outer loop
      vertex -25.1023 -21.5668 15
      vertex -24.8564 -25.3179 15
      vertex -24.8564 -21.3511 15
    endloop
  endfacet
  facet normal 0 0 1
    outer loop
      vertex -25.1023 -21.5668 15
      vertex -25.1023 -25.1023 15
      vertex -24.8564 -25.3179 15
    endloop
  endfacet
  facet normal -0 0 1
    outer loop
      vertex -25.3179 -21.8126 15
      vertex -25.1023 -25.1023 15
      vertex -25.1023 -21.5668 15
    endloop
  endfacet
  facet normal 0 0 1
    outer loop
      vertex -25.3179 -21.8126 15
      vertex -25.3179 -24.8564 15
      vertex -25.1023 -25.1023 15
    endloop
  endfacet
  facet normal -0 0 1
    outer loop
      vertex -25.4996 -22.0845 15
      vertex -25.3179 -24.8564 15
      vertex -25.3179 -21.8126 15
    endloop
  endfacet
  facet normal 0 0 1
    outer loop
      vertex -25.4996 -22.0845 15
      vertex -25.4996 -24.5845 15
      vertex -25.3179 -24.8564 15
    endloop
  endfacet
  facet normal -0 0 1
    outer loop
      vertex -25.6442 -22.3778 15
      vertex -25.4996 -24.5845 15
      vertex -25.4996 -22.0845 15
    endloop
  endfacet
  facet normal 0 0 1
    outer loop
      vertex -25.6442 -22.3778 15
      vertex -25.6442 -24.2912 15
      vertex -25.4996 -24.5845 15
    endloop
  endfacet
  facet normal -0 0 1
    outer loop
      vertex -25.7493 -22.6875 15
      vertex -25.6442 -24.2912 15
      vertex -25.6442 -22.3778 15
    endloop
  endfacet
  facet normal 0 0 1
    outer loop
      vertex -25.7493 -22.6875 15
      vertex -25.7493 -23.9816 15
      vertex -25.6442 -24.2912 15
    endloop
  endfacet
  facet normal -0 0 1
    outer loop
      vertex -25.8131 -23.0082 15
      vertex -25.7493 -23.9816 15
      vertex -25.7493 -22.6875 15
    endloop
  endfacet
  facet normal 0 0 1
    outer loop
      vertex -25.8131 -23.0082 15
      vertex -25.8131 -23.6608 15
      vertex -25.7493 -23.9816 15
    endloop
  endfacet
  facet normal 0 -0 1
    outer loop
      vertex -25.8131 -23.6608 15
      vertex -25.8131 -23.0082 15
      vertex -25.8345 -23.3345 15
    endloop
  endfacet
  facet normal -0.442437 0.896799 0
    outer loop
      vertex -24.2912 -21.0248 14
      vertex -24.5845 -21.1695 15
      vertex -24.2912 -21.0248 15
    endloop
  endfacet
  facet normal -0.442437 0.896799 0
    outer loop
      vertex -24.5845 -21.1695 15
      vertex -24.2912 -21.0248 14
      vertex -24.5845 -21.1695 14
    endloop
  endfacet
  facet normal 0.751629 0.659586 0
    outer loop
      vertex -21.3511 -21.8126 15
      vertex -21.5668 -21.5668 14
      vertex -21.5668 -21.5668 15
    endloop
  endfacet
  facet normal 0.751629 0.659586 0
    outer loop
      vertex -21.5668 -21.5668 14
      vertex -21.3511 -21.8126 15
      vertex -21.3511 -21.8126 14
    endloop
  endfacet
  facet normal 0.946926 -0.321453 0
    outer loop
      vertex -21.0248 -24.2912 15
      vertex -20.9197 -23.9816 14
      vertex -20.9197 -23.9816 15
    endloop
  endfacet
  facet normal 0.946926 -0.321453 0
    outer loop
      vertex -20.9197 -23.9816 14
      vertex -21.0248 -24.2912 15
      vertex -21.0248 -24.2912 14
    endloop
  endfacet
  facet normal 0.659586 0.751629 -0
    outer loop
      vertex -21.5668 -21.5668 14
      vertex -21.8126 -21.3511 15
      vertex -21.5668 -21.5668 15
    endloop
  endfacet
  facet normal 0.659586 0.751629 0
    outer loop
      vertex -21.8126 -21.3511 15
      vertex -21.5668 -21.5668 14
      vertex -21.8126 -21.3511 14
    endloop
  endfacet
  facet normal 0.32136 0.946957 -0
    outer loop
      vertex -22.3778 -21.0248 14
      vertex -22.6875 -20.9197 15
      vertex -22.3778 -21.0248 15
    endloop
  endfacet
  facet normal 0.32136 0.946957 0
    outer loop
      vertex -22.6875 -20.9197 15
      vertex -22.3778 -21.0248 14
      vertex -22.6875 -20.9197 14
    endloop
  endfacet
  facet normal 0.659262 -0.751913 0
    outer loop
      vertex 24.8564 -25.3179 14
      vertex 25.1023 -25.1023 15
      vertex 24.8564 -25.3179 15
    endloop
  endfacet
  facet normal 0.659262 -0.751913 0
    outer loop
      vertex 25.1023 -25.1023 15
      vertex 24.8564 -25.3179 14
      vertex 25.1023 -25.1023 14
    endloop
  endfacet
  facet normal 0.555406 0.831579 -0
    outer loop
      vertex 24.8564 -21.3511 14
      vertex 24.5845 -21.1695 15
      vertex 24.8564 -21.3511 15
    endloop
  endfacet
  facet normal 0.555406 0.831579 0
    outer loop
      vertex 24.5845 -21.1695 15
      vertex 24.8564 -21.3511 14
      vertex 24.5845 -21.1695 14
    endloop
  endfacet
  facet normal -0.0654432 -0.997856 0
    outer loop
      vertex 23.0082 -25.8131 14
      vertex 23.3345 -25.8345 15
      vertex 23.0082 -25.8131 15
    endloop
  endfacet
  facet normal -0.0654432 -0.997856 -0
    outer loop
      vertex 23.3345 -25.8345 15
      vertex 23.0082 -25.8131 14
      vertex 23.3345 -25.8345 14
    endloop
  endfacet
  facet normal 0.946926 -0.321453 0
    outer loop
      vertex 25.6442 -24.2912 15
      vertex 25.7493 -23.9816 14
      vertex 25.7493 -23.9816 15
    endloop
  endfacet
  facet normal 0.946926 -0.321453 0
    outer loop
      vertex 25.7493 -23.9816 14
      vertex 25.6442 -24.2912 15
      vertex 25.6442 -24.2912 14
    endloop
  endfacet
  facet normal 0.751913 -0.659262 0
    outer loop
      vertex 25.1023 -25.1023 15
      vertex 25.3179 -24.8564 14
      vertex 25.3179 -24.8564 15
    endloop
  endfacet
  facet normal 0.751913 -0.659262 0
    outer loop
      vertex 25.3179 -24.8564 14
      vertex 25.1023 -25.1023 15
      vertex 25.1023 -25.1023 14
    endloop
  endfacet
  facet normal 0.195058 -0.980792 0
    outer loop
      vertex 23.6608 -25.8131 14
      vertex 23.9816 -25.7493 15
      vertex 23.6608 -25.8131 15
    endloop
  endfacet
  facet normal 0.195058 -0.980792 0
    outer loop
      vertex 23.9816 -25.7493 15
      vertex 23.6608 -25.8131 14
      vertex 23.9816 -25.7493 14
    endloop
  endfacet
  facet normal 0.75178 0.659414 0
    outer loop
      vertex 25.3179 -21.8126 15
      vertex 25.1023 -21.5668 14
      vertex 25.1023 -21.5668 15
    endloop
  endfacet
  facet normal 0.75178 0.659414 0
    outer loop
      vertex 25.1023 -21.5668 14
      vertex 25.3179 -21.8126 15
      vertex 25.3179 -21.8126 14
    endloop
  endfacet
  facet normal 0.321453 -0.946926 0
    outer loop
      vertex 23.9816 -25.7493 14
      vertex 24.2912 -25.6442 15
      vertex 23.9816 -25.7493 15
    endloop
  endfacet
  facet normal 0.321453 -0.946926 0
    outer loop
      vertex 24.2912 -25.6442 15
      vertex 23.9816 -25.7493 14
      vertex 24.2912 -25.6442 14
    endloop
  endfacet
  facet normal 0.0654432 -0.997856 0
    outer loop
      vertex 23.3345 -25.8345 14
      vertex 23.6608 -25.8131 15
      vertex 23.3345 -25.8345 15
    endloop
  endfacet
  facet normal 0.0654432 -0.997856 0
    outer loop
      vertex 23.6608 -25.8131 15
      vertex 23.3345 -25.8345 14
      vertex 23.6608 -25.8131 14
    endloop
  endfacet
  facet normal -0.195116 -0.98078 0
    outer loop
      vertex 22.6875 -25.7493 14
      vertex 23.0082 -25.8131 15
      vertex 22.6875 -25.7493 15
    endloop
  endfacet
  facet normal -0.195116 -0.98078 -0
    outer loop
      vertex 23.0082 -25.8131 15
      vertex 22.6875 -25.7493 14
      vertex 23.0082 -25.8131 14
    endloop
  endfacet
  facet normal -0.659414 -0.75178 0
    outer loop
      vertex 21.5668 -25.1023 14
      vertex 21.8126 -25.3179 15
      vertex 21.5668 -25.1023 15
    endloop
  endfacet
  facet normal -0.659414 -0.75178 -0
    outer loop
      vertex 21.8126 -25.3179 15
      vertex 21.5668 -25.1023 14
      vertex 21.8126 -25.3179 14
    endloop
  endfacet
  facet normal 0.980792 -0.195058 0
    outer loop
      vertex 25.7493 -23.9816 15
      vertex 25.8131 -23.6608 14
      vertex 25.8131 -23.6608 15
    endloop
  endfacet
  facet normal 0.980792 -0.195058 0
    outer loop
      vertex 25.8131 -23.6608 14
      vertex 25.7493 -23.9816 15
      vertex 25.7493 -23.9816 14
    endloop
  endfacet
  facet normal 0.0654432 0.997856 -0
    outer loop
      vertex 23.6608 -20.8559 14
      vertex 23.3345 -20.8345 15
      vertex 23.6608 -20.8559 15
    endloop
  endfacet
  facet normal 0.0654432 0.997856 0
    outer loop
      vertex 23.3345 -20.8345 15
      vertex 23.6608 -20.8559 14
      vertex 23.3345 -20.8345 14
    endloop
  endfacet
  facet normal -0.442191 -0.896921 0
    outer loop
      vertex 22.0845 -25.4996 14
      vertex 22.3778 -25.6442 15
      vertex 22.0845 -25.4996 15
    endloop
  endfacet
  facet normal -0.442191 -0.896921 -0
    outer loop
      vertex 22.3778 -25.6442 15
      vertex 22.0845 -25.4996 14
      vertex 22.3778 -25.6442 14
    endloop
  endfacet
  facet normal -0.997856 0.0654432 0
    outer loop
      vertex 20.8345 -23.3345 14
      vertex 20.8559 -23.0082 15
      vertex 20.8559 -23.0082 14
    endloop
  endfacet
  facet normal -0.997856 0.0654432 0
    outer loop
      vertex 20.8559 -23.0082 15
      vertex 20.8345 -23.3345 14
      vertex 20.8345 -23.3345 15
    endloop
  endfacet
  facet normal 0.831438 -0.555617 0
    outer loop
      vertex 25.3179 -24.8564 15
      vertex 25.4996 -24.5845 14
      vertex 25.4996 -24.5845 15
    endloop
  endfacet
  facet normal 0.831438 -0.555617 0
    outer loop
      vertex 25.4996 -24.5845 14
      vertex 25.3179 -24.8564 15
      vertex 25.3179 -24.8564 14
    endloop
  endfacet
  facet normal -0.831579 -0.555406 0
    outer loop
      vertex 21.3511 -24.8564 14
      vertex 21.1695 -24.5845 15
      vertex 21.1695 -24.5845 14
    endloop
  endfacet
  facet normal -0.831579 -0.555406 0
    outer loop
      vertex 21.1695 -24.5845 15
      vertex 21.3511 -24.8564 14
      vertex 21.3511 -24.8564 15
    endloop
  endfacet
  facet normal -0.946926 -0.321453 0
    outer loop
      vertex 21.0248 -24.2912 14
      vertex 20.9197 -23.9816 15
      vertex 20.9197 -23.9816 14
    endloop
  endfacet
  facet normal -0.946926 -0.321453 0
    outer loop
      vertex 20.9197 -23.9816 15
      vertex 21.0248 -24.2912 14
      vertex 21.0248 -24.2912 15
    endloop
  endfacet
  facet normal -0.442437 0.896799 0
    outer loop
      vertex 22.3778 -21.0248 14
      vertex 22.0845 -21.1695 15
      vertex 22.3778 -21.0248 15
    endloop
  endfacet
  facet normal -0.442437 0.896799 0
    outer loop
      vertex 22.0845 -21.1695 15
      vertex 22.3778 -21.0248 14
      vertex 22.0845 -21.1695 14
    endloop
  endfacet
  facet normal 0.896921 0.442191 0
    outer loop
      vertex 25.6442 -22.3778 15
      vertex 25.4996 -22.0845 14
      vertex 25.4996 -22.0845 15
    endloop
  endfacet
  facet normal 0.896921 0.442191 0
    outer loop
      vertex 25.4996 -22.0845 14
      vertex 25.6442 -22.3778 15
      vertex 25.6442 -22.3778 14
    endloop
  endfacet
  facet normal 0.997856 0.0654432 0
    outer loop
      vertex 25.8345 -23.3345 15
      vertex 25.8131 -23.0082 14
      vertex 25.8131 -23.0082 15
    endloop
  endfacet
  facet normal 0.997856 0.0654432 0
    outer loop
      vertex 25.8131 -23.0082 14
      vertex 25.8345 -23.3345 15
      vertex 25.8345 -23.3345 14
    endloop
  endfacet
  facet normal -0.896799 -0.442437 0
    outer loop
      vertex 21.1695 -24.5845 14
      vertex 21.0248 -24.2912 15
      vertex 21.0248 -24.2912 14
    endloop
  endfacet
  facet normal -0.896799 -0.442437 0
    outer loop
      vertex 21.0248 -24.2912 15
      vertex 21.1695 -24.5845 14
      vertex 21.1695 -24.5845 15
    endloop
  endfacet
  facet normal -0.831579 0.555406 0
    outer loop
      vertex 21.1695 -22.0845 14
      vertex 21.3511 -21.8126 15
      vertex 21.3511 -21.8126 14
    endloop
  endfacet
  facet normal -0.831579 0.555406 0
    outer loop
      vertex 21.3511 -21.8126 15
      vertex 21.1695 -22.0845 14
      vertex 21.1695 -22.0845 15
    endloop
  endfacet
  facet normal 0.442191 -0.896921 0
    outer loop
      vertex 24.2912 -25.6442 14
      vertex 24.5845 -25.4996 15
      vertex 24.2912 -25.6442 15
    endloop
  endfacet
  facet normal 0.442191 -0.896921 0
    outer loop
      vertex 24.5845 -25.4996 15
      vertex 24.2912 -25.6442 14
      vertex 24.5845 -25.4996 14
    endloop
  endfacet
  facet normal -0.896799 0.442437 0
    outer loop
      vertex 21.0248 -22.3778 14
      vertex 21.1695 -22.0845 15
      vertex 21.1695 -22.0845 14
    endloop
  endfacet
  facet normal -0.896799 0.442437 0
    outer loop
      vertex 21.1695 -22.0845 15
      vertex 21.0248 -22.3778 14
      vertex 21.0248 -22.3778 15
    endloop
  endfacet
  facet normal 0.946957 0.32136 0
    outer loop
      vertex 25.7493 -22.6875 15
      vertex 25.6442 -22.3778 14
      vertex 25.6442 -22.3778 15
    endloop
  endfacet
  facet normal 0.946957 0.32136 0
    outer loop
      vertex 25.6442 -22.3778 14
      vertex 25.7493 -22.6875 15
      vertex 25.7493 -22.6875 14
    endloop
  endfacet
  facet normal 0.98078 0.195116 0
    outer loop
      vertex 25.8131 -23.0082 15
      vertex 25.7493 -22.6875 14
      vertex 25.7493 -22.6875 15
    endloop
  endfacet
  facet normal 0.98078 0.195116 0
    outer loop
      vertex 25.7493 -22.6875 14
      vertex 25.8131 -23.0082 15
      vertex 25.8131 -23.0082 14
    endloop
  endfacet
  facet normal 0.555617 -0.831438 0
    outer loop
      vertex 24.5845 -25.4996 14
      vertex 24.8564 -25.3179 15
      vertex 24.5845 -25.4996 15
    endloop
  endfacet
  facet normal 0.555617 -0.831438 0
    outer loop
      vertex 24.8564 -25.3179 15
      vertex 24.5845 -25.4996 14
      vertex 24.8564 -25.3179 14
    endloop
  endfacet
  facet normal -0.32136 -0.946957 0
    outer loop
      vertex 22.3778 -25.6442 14
      vertex 22.6875 -25.7493 15
      vertex 22.3778 -25.6442 15
    endloop
  endfacet
  facet normal -0.32136 -0.946957 -0
    outer loop
      vertex 22.6875 -25.7493 15
      vertex 22.3778 -25.6442 14
      vertex 22.6875 -25.7493 14
    endloop
  endfacet
  facet normal -0.555406 0.831579 0
    outer loop
      vertex 22.0845 -21.1695 14
      vertex 21.8126 -21.3511 15
      vertex 22.0845 -21.1695 15
    endloop
  endfacet
  facet normal -0.555406 0.831579 0
    outer loop
      vertex 21.8126 -21.3511 15
      vertex 22.0845 -21.1695 14
      vertex 21.8126 -21.3511 14
    endloop
  endfacet
  facet normal 0.442437 0.896799 -0
    outer loop
      vertex 24.5845 -21.1695 14
      vertex 24.2912 -21.0248 15
      vertex 24.5845 -21.1695 15
    endloop
  endfacet
  facet normal 0.442437 0.896799 0
    outer loop
      vertex 24.2912 -21.0248 15
      vertex 24.5845 -21.1695 14
      vertex 24.2912 -21.0248 14
    endloop
  endfacet
  facet normal -0.751762 -0.659435 0
    outer loop
      vertex 21.5668 -25.1023 14
      vertex 21.3511 -24.8564 15
      vertex 21.3511 -24.8564 14
    endloop
  endfacet
  facet normal -0.751762 -0.659435 0
    outer loop
      vertex 21.3511 -24.8564 15
      vertex 21.5668 -25.1023 14
      vertex 21.5668 -25.1023 15
    endloop
  endfacet
  facet normal -0.997856 -0.0654432 0
    outer loop
      vertex 20.8559 -23.6608 14
      vertex 20.8345 -23.3345 15
      vertex 20.8345 -23.3345 14
    endloop
  endfacet
  facet normal -0.997856 -0.0654432 0
    outer loop
      vertex 20.8345 -23.3345 15
      vertex 20.8559 -23.6608 14
      vertex 20.8559 -23.6608 15
    endloop
  endfacet
  facet normal -0.555617 -0.831438 0
    outer loop
      vertex 21.8126 -25.3179 14
      vertex 22.0845 -25.4996 15
      vertex 21.8126 -25.3179 15
    endloop
  endfacet
  facet normal -0.555617 -0.831438 -0
    outer loop
      vertex 22.0845 -25.4996 15
      vertex 21.8126 -25.3179 14
      vertex 22.0845 -25.4996 14
    endloop
  endfacet
  facet normal -0.0654432 0.997856 0
    outer loop
      vertex 23.3345 -20.8345 14
      vertex 23.0082 -20.8559 15
      vertex 23.3345 -20.8345 15
    endloop
  endfacet
  facet normal -0.0654432 0.997856 0
    outer loop
      vertex 23.0082 -20.8559 15
      vertex 23.3345 -20.8345 14
      vertex 23.0082 -20.8559 14
    endloop
  endfacet
  facet normal 0.659435 0.751762 -0
    outer loop
      vertex 25.1023 -21.5668 14
      vertex 24.8564 -21.3511 15
      vertex 25.1023 -21.5668 15
    endloop
  endfacet
  facet normal 0.659435 0.751762 0
    outer loop
      vertex 24.8564 -21.3511 15
      vertex 25.1023 -21.5668 14
      vertex 24.8564 -21.3511 14
    endloop
  endfacet
  facet normal 0.997856 -0.0654432 0
    outer loop
      vertex 25.8131 -23.6608 15
      vertex 25.8345 -23.3345 14
      vertex 25.8345 -23.3345 15
    endloop
  endfacet
  facet normal 0.997856 -0.0654432 0
    outer loop
      vertex 25.8345 -23.3345 14
      vertex 25.8131 -23.6608 15
      vertex 25.8131 -23.6608 14
    endloop
  endfacet
  facet normal -0.32136 0.946957 0
    outer loop
      vertex 22.6875 -20.9197 14
      vertex 22.3778 -21.0248 15
      vertex 22.6875 -20.9197 15
    endloop
  endfacet
  facet normal -0.32136 0.946957 0
    outer loop
      vertex 22.3778 -21.0248 15
      vertex 22.6875 -20.9197 14
      vertex 22.3778 -21.0248 14
    endloop
  endfacet
  facet normal 0.896921 -0.442191 0
    outer loop
      vertex 25.4996 -24.5845 15
      vertex 25.6442 -24.2912 14
      vertex 25.6442 -24.2912 15
    endloop
  endfacet
  facet normal 0.896921 -0.442191 0
    outer loop
      vertex 25.6442 -24.2912 14
      vertex 25.4996 -24.5845 15
      vertex 25.4996 -24.5845 14
    endloop
  endfacet
  facet normal -0.195116 0.98078 0
    outer loop
      vertex 23.0082 -20.8559 14
      vertex 22.6875 -20.9197 15
      vertex 23.0082 -20.8559 15
    endloop
  endfacet
  facet normal -0.195116 0.98078 0
    outer loop
      vertex 22.6875 -20.9197 15
      vertex 23.0082 -20.8559 14
      vertex 22.6875 -20.9197 14
    endloop
  endfacet
  facet normal 0.195058 0.980792 -0
    outer loop
      vertex 23.9816 -20.9197 14
      vertex 23.6608 -20.8559 15
      vertex 23.9816 -20.9197 15
    endloop
  endfacet
  facet normal 0.195058 0.980792 0
    outer loop
      vertex 23.6608 -20.8559 15
      vertex 23.9816 -20.9197 14
      vertex 23.6608 -20.8559 14
    endloop
  endfacet
  facet normal 0.831438 0.555617 0
    outer loop
      vertex 25.4996 -22.0845 15
      vertex 25.3179 -21.8126 14
      vertex 25.3179 -21.8126 15
    endloop
  endfacet
  facet normal 0.831438 0.555617 0
    outer loop
      vertex 25.3179 -21.8126 14
      vertex 25.4996 -22.0845 15
      vertex 25.4996 -22.0845 14
    endloop
  endfacet
  facet normal -0.659586 0.751629 0
    outer loop
      vertex 21.8126 -21.3511 14
      vertex 21.5668 -21.5668 15
      vertex 21.8126 -21.3511 15
    endloop
  endfacet
  facet normal -0.659586 0.751629 0
    outer loop
      vertex 21.5668 -21.5668 15
      vertex 21.8126 -21.3511 14
      vertex 21.5668 -21.5668 14
    endloop
  endfacet
  facet normal -0.751629 0.659586 0
    outer loop
      vertex 21.3511 -21.8126 14
      vertex 21.5668 -21.5668 15
      vertex 21.5668 -21.5668 14
    endloop
  endfacet
  facet normal -0.751629 0.659586 0
    outer loop
      vertex 21.5668 -21.5668 15
      vertex 21.3511 -21.8126 14
      vertex 21.3511 -21.8126 15
    endloop
  endfacet
  facet normal -0.980792 -0.195058 0
    outer loop
      vertex 20.9197 -23.9816 14
      vertex 20.8559 -23.6608 15
      vertex 20.8559 -23.6608 14
    endloop
  endfacet
  facet normal -0.980792 -0.195058 0
    outer loop
      vertex 20.8559 -23.6608 15
      vertex 20.9197 -23.9816 14
      vertex 20.9197 -23.9816 15
    endloop
  endfacet
  facet normal 0.321453 0.946926 -0
    outer loop
      vertex 24.2912 -21.0248 14
      vertex 23.9816 -20.9197 15
      vertex 24.2912 -21.0248 15
    endloop
  endfacet
  facet normal 0.321453 0.946926 0
    outer loop
      vertex 23.9816 -20.9197 15
      vertex 24.2912 -21.0248 14
      vertex 23.9816 -20.9197 14
    endloop
  endfacet
  facet normal -0.946957 0.32136 0
    outer loop
      vertex 20.9197 -22.6875 14
      vertex 21.0248 -22.3778 15
      vertex 21.0248 -22.3778 14
    endloop
  endfacet
  facet normal -0.946957 0.32136 0
    outer loop
      vertex 21.0248 -22.3778 15
      vertex 20.9197 -22.6875 14
      vertex 20.9197 -22.6875 15
    endloop
  endfacet
  facet normal -0.98078 0.195116 0
    outer loop
      vertex 20.8559 -23.0082 14
      vertex 20.9197 -22.6875 15
      vertex 20.9197 -22.6875 14
    endloop
  endfacet
  facet normal -0.98078 0.195116 0
    outer loop
      vertex 20.9197 -22.6875 15
      vertex 20.8559 -23.0082 14
      vertex 20.8559 -23.0082 15
    endloop
  endfacet
  facet normal 0 0 1
    outer loop
      vertex 25.8131 -23.0082 15
      vertex 25.8131 -23.6608 15
      vertex 25.8345 -23.3345 15
    endloop
  endfacet
  facet normal 0 0 1
    outer loop
      vertex 25.7493 -22.6875 15
      vertex 25.8131 -23.6608 15
      vertex 25.8131 -23.0082 15
    endloop
  endfacet
  facet normal 0 0 1
    outer loop
      vertex 25.7493 -22.6875 15
      vertex 25.7493 -23.9816 15
      vertex 25.8131 -23.6608 15
    endloop
  endfacet
  facet normal 0 0 1
    outer loop
      vertex 25.6442 -22.3778 15
      vertex 25.7493 -23.9816 15
      vertex 25.7493 -22.6875 15
    endloop
  endfacet
  facet normal 0 0 1
    outer loop
      vertex 25.6442 -22.3778 15
      vertex 25.6442 -24.2912 15
      vertex 25.7493 -23.9816 15
    endloop
  endfacet
  facet normal 0 0 1
    outer loop
      vertex 25.4996 -22.0845 15
      vertex 25.6442 -24.2912 15
      vertex 25.6442 -22.3778 15
    endloop
  endfacet
  facet normal 0 0 1
    outer loop
      vertex 25.4996 -22.0845 15
      vertex 25.4996 -24.5845 15
      vertex 25.6442 -24.2912 15
    endloop
  endfacet
  facet normal 0 0 1
    outer loop
      vertex 25.3179 -21.8126 15
      vertex 25.4996 -24.5845 15
      vertex 25.4996 -22.0845 15
    endloop
  endfacet
  facet normal 0 0 1
    outer loop
      vertex 25.3179 -21.8126 15
      vertex 25.3179 -24.8564 15
      vertex 25.4996 -24.5845 15
    endloop
  endfacet
  facet normal 0 0 1
    outer loop
      vertex 25.1023 -21.5668 15
      vertex 25.3179 -24.8564 15
      vertex 25.3179 -21.8126 15
    endloop
  endfacet
  facet normal 0 0 1
    outer loop
      vertex 25.1023 -21.5668 15
      vertex 25.1023 -25.1023 15
      vertex 25.3179 -24.8564 15
    endloop
  endfacet
  facet normal 0 0 1
    outer loop
      vertex 24.8564 -21.3511 15
      vertex 25.1023 -25.1023 15
      vertex 25.1023 -21.5668 15
    endloop
  endfacet
  facet normal 0 0 1
    outer loop
      vertex 24.8564 -21.3511 15
      vertex 24.8564 -25.3179 15
      vertex 25.1023 -25.1023 15
    endloop
  endfacet
  facet normal 0 0 1
    outer loop
      vertex 24.5845 -21.1695 15
      vertex 24.8564 -25.3179 15
      vertex 24.8564 -21.3511 15
    endloop
  endfacet
  facet normal 0 0 1
    outer loop
      vertex 24.5845 -21.1695 15
      vertex 24.5845 -25.4996 15
      vertex 24.8564 -25.3179 15
    endloop
  endfacet
  facet normal 0 0 1
    outer loop
      vertex 24.2912 -21.0248 15
      vertex 24.5845 -25.4996 15
      vertex 24.5845 -21.1695 15
    endloop
  endfacet
  facet normal 0 0 1
    outer loop
      vertex 24.2912 -21.0248 15
      vertex 24.2912 -25.6442 15
      vertex 24.5845 -25.4996 15
    endloop
  endfacet
  facet normal 0 0 1
    outer loop
      vertex 23.9816 -20.9197 15
      vertex 24.2912 -25.6442 15
      vertex 24.2912 -21.0248 15
    endloop
  endfacet
  facet normal 0 0 1
    outer loop
      vertex 23.9816 -20.9197 15
      vertex 23.9816 -25.7493 15
      vertex 24.2912 -25.6442 15
    endloop
  endfacet
  facet normal 0 0 1
    outer loop
      vertex 23.6608 -20.8559 15
      vertex 23.9816 -25.7493 15
      vertex 23.9816 -20.9197 15
    endloop
  endfacet
  facet normal 0 0 1
    outer loop
      vertex 23.6608 -20.8559 15
      vertex 23.6608 -25.8131 15
      vertex 23.9816 -25.7493 15
    endloop
  endfacet
  facet normal 0 0 1
    outer loop
      vertex 23.3345 -20.8345 15
      vertex 23.6608 -25.8131 15
      vertex 23.6608 -20.8559 15
    endloop
  endfacet
  facet normal 0 0 1
    outer loop
      vertex 23.3345 -20.8345 15
      vertex 23.3345 -25.8345 15
      vertex 23.6608 -25.8131 15
    endloop
  endfacet
  facet normal -0 0 1
    outer loop
      vertex 23.0082 -20.8559 15
      vertex 23.3345 -25.8345 15
      vertex 23.3345 -20.8345 15
    endloop
  endfacet
  facet normal 0 0 1
    outer loop
      vertex 23.0082 -20.8559 15
      vertex 23.0082 -25.8131 15
      vertex 23.3345 -25.8345 15
    endloop
  endfacet
  facet normal -0 0 1
    outer loop
      vertex 22.6875 -20.9197 15
      vertex 23.0082 -25.8131 15
      vertex 23.0082 -20.8559 15
    endloop
  endfacet
  facet normal 0 0 1
    outer loop
      vertex 22.6875 -20.9197 15
      vertex 22.6875 -25.7493 15
      vertex 23.0082 -25.8131 15
    endloop
  endfacet
  facet normal -0 0 1
    outer loop
      vertex 22.3778 -21.0248 15
      vertex 22.6875 -25.7493 15
      vertex 22.6875 -20.9197 15
    endloop
  endfacet
  facet normal 0 0 1
    outer loop
      vertex 22.3778 -21.0248 15
      vertex 22.3778 -25.6442 15
      vertex 22.6875 -25.7493 15
    endloop
  endfacet
  facet normal -0 0 1
    outer loop
      vertex 22.0845 -21.1695 15
      vertex 22.3778 -25.6442 15
      vertex 22.3778 -21.0248 15
    endloop
  endfacet
  facet normal 0 0 1
    outer loop
      vertex 22.0845 -21.1695 15
      vertex 22.0845 -25.4996 15
      vertex 22.3778 -25.6442 15
    endloop
  endfacet
  facet normal -0 0 1
    outer loop
      vertex 21.8126 -21.3511 15
      vertex 22.0845 -25.4996 15
      vertex 22.0845 -21.1695 15
    endloop
  endfacet
  facet normal 0 0 1
    outer loop
      vertex 21.8126 -21.3511 15
      vertex 21.8126 -25.3179 15
      vertex 22.0845 -25.4996 15
    endloop
  endfacet
  facet normal -0 0 1
    outer loop
      vertex 21.5668 -21.5668 15
      vertex 21.8126 -25.3179 15
      vertex 21.8126 -21.3511 15
    endloop
  endfacet
  facet normal 0 0 1
    outer loop
      vertex 21.5668 -21.5668 15
      vertex 21.5668 -25.1023 15
      vertex 21.8126 -25.3179 15
    endloop
  endfacet
  facet normal -0 0 1
    outer loop
      vertex 21.3511 -21.8126 15
      vertex 21.5668 -25.1023 15
      vertex 21.5668 -21.5668 15
    endloop
  endfacet
  facet normal 0 0 1
    outer loop
      vertex 21.3511 -21.8126 15
      vertex 21.3511 -24.8564 15
      vertex 21.5668 -25.1023 15
    endloop
  endfacet
  facet normal -0 0 1
    outer loop
      vertex 21.1695 -22.0845 15
      vertex 21.3511 -24.8564 15
      vertex 21.3511 -21.8126 15
    endloop
  endfacet
  facet normal 0 0 1
    outer loop
      vertex 21.1695 -22.0845 15
      vertex 21.1695 -24.5845 15
      vertex 21.3511 -24.8564 15
    endloop
  endfacet
  facet normal -0 0 1
    outer loop
      vertex 21.0248 -22.3778 15
      vertex 21.1695 -24.5845 15
      vertex 21.1695 -22.0845 15
    endloop
  endfacet
  facet normal 0 0 1
    outer loop
      vertex 21.0248 -22.3778 15
      vertex 21.0248 -24.2912 15
      vertex 21.1695 -24.5845 15
    endloop
  endfacet
  facet normal -0 0 1
    outer loop
      vertex 20.9197 -22.6875 15
      vertex 21.0248 -24.2912 15
      vertex 21.0248 -22.3778 15
    endloop
  endfacet
  facet normal 0 0 1
    outer loop
      vertex 20.9197 -22.6875 15
      vertex 20.9197 -23.9816 15
      vertex 21.0248 -24.2912 15
    endloop
  endfacet
  facet normal -0 0 1
    outer loop
      vertex 20.8559 -23.0082 15
      vertex 20.9197 -23.9816 15
      vertex 20.9197 -22.6875 15
    endloop
  endfacet
  facet normal 0 0 1
    outer loop
      vertex 20.8559 -23.0082 15
      vertex 20.8559 -23.6608 15
      vertex 20.9197 -23.9816 15
    endloop
  endfacet
  facet normal 0 -0 1
    outer loop
      vertex 20.8559 -23.6608 15
      vertex 20.8559 -23.0082 15
      vertex 20.8345 -23.3345 15
    endloop
  endfacet
  facet normal 0.980787 0.19508 0
    outer loop
      vertex 44.615 5.87368 14
      vertex 43.4667 11.6469 0
      vertex 43.4667 11.6469 14
    endloop
  endfacet
  facet normal 0.980787 0.19508 0
    outer loop
      vertex 43.4667 11.6469 0
      vertex 44.615 5.87368 14
      vertex 44.615 5.87368 0
    endloop
  endfacet
  facet normal 0.997859 0.0654063 0
    outer loop
      vertex 45 0 14
      vertex 44.615 5.87368 0
      vertex 44.615 5.87368 14
    endloop
  endfacet
  facet normal 0.997859 0.0654063 0
    outer loop
      vertex 44.615 5.87368 0
      vertex 45 0 14
      vertex 45 0 0
    endloop
  endfacet
  facet normal 0.321442 -0.946929 0
    outer loop
      vertex 11.6469 -43.4667 0
      vertex 17.2208 -41.5746 14
      vertex 11.6469 -43.4667 14
    endloop
  endfacet
  facet normal 0.321442 -0.946929 0
    outer loop
      vertex 17.2208 -41.5746 14
      vertex 11.6469 -43.4667 0
      vertex 17.2208 -41.5746 0
    endloop
  endfacet
  facet normal 0.831475 0.555562 0
    outer loop
      vertex 38.9711 22.5 14
      vertex 35.7009 27.3943 0
      vertex 35.7009 27.3943 14
    endloop
  endfacet
  facet normal 0.831475 0.555562 0
    outer loop
      vertex 35.7009 27.3943 0
      vertex 38.9711 22.5 14
      vertex 38.9711 22.5 0
    endloop
  endfacet
  facet normal -0.896867 0.442301 0
    outer loop
      vertex -41.5746 17.2208 0
      vertex -38.9711 22.5 14
      vertex -38.9711 22.5 0
    endloop
  endfacet
  facet normal -0.896867 0.442301 0
    outer loop
      vertex -38.9711 22.5 14
      vertex -41.5746 17.2208 0
      vertex -41.5746 17.2208 14
    endloop
  endfacet
  facet normal -0.555562 0.831475 0
    outer loop
      vertex -22.5 38.9711 0
      vertex -27.3943 35.7009 14
      vertex -22.5 38.9711 14
    endloop
  endfacet
  facet normal -0.555562 0.831475 0
    outer loop
      vertex -27.3943 35.7009 14
      vertex -22.5 38.9711 0
      vertex -27.3943 35.7009 0
    endloop
  endfacet
  facet normal -0.65935 0.751836 0
    outer loop
      vertex -27.3943 35.7009 0
      vertex -31.8198 31.8198 14
      vertex -27.3943 35.7009 14
    endloop
  endfacet
  facet normal -0.65935 0.751836 0
    outer loop
      vertex -31.8198 31.8198 14
      vertex -27.3943 35.7009 0
      vertex -31.8198 31.8198 0
    endloop
  endfacet
  facet normal -0.751836 0.65935 0
    outer loop
      vertex -35.7009 27.3943 0
      vertex -31.8198 31.8198 14
      vertex -31.8198 31.8198 0
    endloop
  endfacet
  facet normal -0.751836 0.65935 0
    outer loop
      vertex -31.8198 31.8198 14
      vertex -35.7009 27.3943 0
      vertex -35.7009 27.3943 14
    endloop
  endfacet
  facet normal 0.946929 -0.321442 0
    outer loop
      vertex 41.5746 -17.2208 14
      vertex 43.4667 -11.6469 0
      vertex 43.4667 -11.6469 14
    endloop
  endfacet
  facet normal 0.946929 -0.321442 0
    outer loop
      vertex 43.4667 -11.6469 0
      vertex 41.5746 -17.2208 14
      vertex 41.5746 -17.2208 0
    endloop
  endfacet
  facet normal -0.997859 0.0654063 0
    outer loop
      vertex -45 0 0
      vertex -44.615 5.87368 14
      vertex -44.615 5.87368 0
    endloop
  endfacet
  facet normal -0.997859 0.0654063 0
    outer loop
      vertex -44.615 5.87368 14
      vertex -45 0 0
      vertex -45 0 14
    endloop
  endfacet
  facet normal 0.555562 0.831475 -0
    outer loop
      vertex 27.3943 35.7009 0
      vertex 22.5 38.9711 14
      vertex 27.3943 35.7009 14
    endloop
  endfacet
  facet normal 0.555562 0.831475 0
    outer loop
      vertex 22.5 38.9711 14
      vertex 27.3943 35.7009 0
      vertex 22.5 38.9711 0
    endloop
  endfacet
  facet normal -0.321442 -0.946929 0
    outer loop
      vertex -17.2208 -41.5746 0
      vertex -11.6469 -43.4667 14
      vertex -17.2208 -41.5746 14
    endloop
  endfacet
  facet normal -0.321442 -0.946929 -0
    outer loop
      vertex -11.6469 -43.4667 14
      vertex -17.2208 -41.5746 0
      vertex -11.6469 -43.4667 0
    endloop
  endfacet
  facet normal -0.751836 -0.65935 0
    outer loop
      vertex -31.8198 -31.8198 0
      vertex -35.7009 -27.3943 14
      vertex -35.7009 -27.3943 0
    endloop
  endfacet
  facet normal -0.751836 -0.65935 0
    outer loop
      vertex -35.7009 -27.3943 14
      vertex -31.8198 -31.8198 0
      vertex -31.8198 -31.8198 14
    endloop
  endfacet
  facet normal 0.19508 -0.980787 0
    outer loop
      vertex 5.87368 -44.615 0
      vertex 11.6469 -43.4667 14
      vertex 5.87368 -44.615 14
    endloop
  endfacet
  facet normal 0.19508 -0.980787 0
    outer loop
      vertex 11.6469 -43.4667 14
      vertex 5.87368 -44.615 0
      vertex 11.6469 -43.4667 0
    endloop
  endfacet
  facet normal -0.321442 0.946929 0
    outer loop
      vertex -11.6469 43.4667 0
      vertex -17.2208 41.5746 14
      vertex -11.6469 43.4667 14
    endloop
  endfacet
  facet normal -0.321442 0.946929 0
    outer loop
      vertex -17.2208 41.5746 14
      vertex -11.6469 43.4667 0
      vertex -17.2208 41.5746 0
    endloop
  endfacet
  facet normal -0.831475 -0.555562 0
    outer loop
      vertex -35.7009 -27.3943 0
      vertex -38.9711 -22.5 14
      vertex -38.9711 -22.5 0
    endloop
  endfacet
  facet normal -0.831475 -0.555562 0
    outer loop
      vertex -38.9711 -22.5 14
      vertex -35.7009 -27.3943 0
      vertex -35.7009 -27.3943 14
    endloop
  endfacet
  facet normal 0.555562 -0.831475 0
    outer loop
      vertex 22.5 -38.9711 0
      vertex 27.3943 -35.7009 14
      vertex 22.5 -38.9711 14
    endloop
  endfacet
  facet normal 0.555562 -0.831475 0
    outer loop
      vertex 27.3943 -35.7009 14
      vertex 22.5 -38.9711 0
      vertex 27.3943 -35.7009 0
    endloop
  endfacet
  facet normal -0.946929 0.321442 0
    outer loop
      vertex -43.4667 11.6469 0
      vertex -41.5746 17.2208 14
      vertex -41.5746 17.2208 0
    endloop
  endfacet
  facet normal -0.946929 0.321442 0
    outer loop
      vertex -41.5746 17.2208 14
      vertex -43.4667 11.6469 0
      vertex -43.4667 11.6469 14
    endloop
  endfacet
  facet normal 0.321442 0.946929 -0
    outer loop
      vertex 17.2208 41.5746 0
      vertex 11.6469 43.4667 14
      vertex 17.2208 41.5746 14
    endloop
  endfacet
  facet normal 0.321442 0.946929 0
    outer loop
      vertex 11.6469 43.4667 14
      vertex 17.2208 41.5746 0
      vertex 11.6469 43.4667 0
    endloop
  endfacet
  facet normal 0.0654063 0.997859 -0
    outer loop
      vertex 5.87368 44.615 0
      vertex 0 45 14
      vertex 5.87368 44.615 14
    endloop
  endfacet
  facet normal 0.0654063 0.997859 0
    outer loop
      vertex 0 45 14
      vertex 5.87368 44.615 0
      vertex 0 45 0
    endloop
  endfacet
  facet normal -0.442301 0.896867 0
    outer loop
      vertex -17.2208 41.5746 0
      vertex -22.5 38.9711 14
      vertex -17.2208 41.5746 14
    endloop
  endfacet
  facet normal -0.442301 0.896867 0
    outer loop
      vertex -22.5 38.9711 14
      vertex -17.2208 41.5746 0
      vertex -22.5 38.9711 0
    endloop
  endfacet
  facet normal 0.831475 -0.555562 0
    outer loop
      vertex 35.7009 -27.3943 14
      vertex 38.9711 -22.5 0
      vertex 38.9711 -22.5 14
    endloop
  endfacet
  facet normal 0.831475 -0.555562 0
    outer loop
      vertex 38.9711 -22.5 0
      vertex 35.7009 -27.3943 14
      vertex 35.7009 -27.3943 0
    endloop
  endfacet
  facet normal -0.997859 -0.0654063 0
    outer loop
      vertex -44.615 -5.87368 0
      vertex -45 0 14
      vertex -45 0 0
    endloop
  endfacet
  facet normal -0.997859 -0.0654063 0
    outer loop
      vertex -45 0 14
      vertex -44.615 -5.87368 0
      vertex -44.615 -5.87368 14
    endloop
  endfacet
  facet normal -0.946929 -0.321442 0
    outer loop
      vertex -41.5746 -17.2208 0
      vertex -43.4667 -11.6469 14
      vertex -43.4667 -11.6469 0
    endloop
  endfacet
  facet normal -0.946929 -0.321442 0
    outer loop
      vertex -43.4667 -11.6469 14
      vertex -41.5746 -17.2208 0
      vertex -41.5746 -17.2208 14
    endloop
  endfacet
  facet normal -0.65935 -0.751836 0
    outer loop
      vertex -31.8198 -31.8198 0
      vertex -27.3943 -35.7009 14
      vertex -31.8198 -31.8198 14
    endloop
  endfacet
  facet normal -0.65935 -0.751836 -0
    outer loop
      vertex -27.3943 -35.7009 14
      vertex -31.8198 -31.8198 0
      vertex -27.3943 -35.7009 0
    endloop
  endfacet
  facet normal 0.442301 0.896867 -0
    outer loop
      vertex 22.5 38.9711 0
      vertex 17.2208 41.5746 14
      vertex 22.5 38.9711 14
    endloop
  endfacet
  facet normal 0.442301 0.896867 0
    outer loop
      vertex 17.2208 41.5746 14
      vertex 22.5 38.9711 0
      vertex 17.2208 41.5746 0
    endloop
  endfacet
  facet normal -0.19508 0.980787 0
    outer loop
      vertex -5.87368 44.615 0
      vertex -11.6469 43.4667 14
      vertex -5.87368 44.615 14
    endloop
  endfacet
  facet normal -0.19508 0.980787 0
    outer loop
      vertex -11.6469 43.4667 14
      vertex -5.87368 44.615 0
      vertex -11.6469 43.4667 0
    endloop
  endfacet
  facet normal 0.751836 0.65935 0
    outer loop
      vertex 35.7009 27.3943 14
      vertex 31.8198 31.8198 0
      vertex 31.8198 31.8198 14
    endloop
  endfacet
  facet normal 0.751836 0.65935 0
    outer loop
      vertex 31.8198 31.8198 0
      vertex 35.7009 27.3943 14
      vertex 35.7009 27.3943 0
    endloop
  endfacet
  facet normal 0.19508 0.980787 -0
    outer loop
      vertex 11.6469 43.4667 0
      vertex 5.87368 44.615 14
      vertex 11.6469 43.4667 14
    endloop
  endfacet
  facet normal 0.19508 0.980787 0
    outer loop
      vertex 5.87368 44.615 14
      vertex 11.6469 43.4667 0
      vertex 5.87368 44.615 0
    endloop
  endfacet
  facet normal 0.751836 -0.65935 0
    outer loop
      vertex 31.8198 -31.8198 14
      vertex 35.7009 -27.3943 0
      vertex 35.7009 -27.3943 14
    endloop
  endfacet
  facet normal 0.751836 -0.65935 0
    outer loop
      vertex 35.7009 -27.3943 0
      vertex 31.8198 -31.8198 14
      vertex 31.8198 -31.8198 0
    endloop
  endfacet
  facet normal -0.442301 -0.896867 0
    outer loop
      vertex -22.5 -38.9711 0
      vertex -17.2208 -41.5746 14
      vertex -22.5 -38.9711 14
    endloop
  endfacet
  facet normal -0.442301 -0.896867 -0
    outer loop
      vertex -17.2208 -41.5746 14
      vertex -22.5 -38.9711 0
      vertex -17.2208 -41.5746 0
    endloop
  endfacet
  facet normal -0.980787 0.19508 0
    outer loop
      vertex -44.615 5.87368 0
      vertex -43.4667 11.6469 14
      vertex -43.4667 11.6469 0
    endloop
  endfacet
  facet normal -0.980787 0.19508 0
    outer loop
      vertex -43.4667 11.6469 14
      vertex -44.615 5.87368 0
      vertex -44.615 5.87368 14
    endloop
  endfacet
  facet normal 0.0654063 -0.997859 0
    outer loop
      vertex 0 -45 0
      vertex 5.87368 -44.615 14
      vertex 0 -45 14
    endloop
  endfacet
  facet normal 0.0654063 -0.997859 0
    outer loop
      vertex 5.87368 -44.615 14
      vertex 0 -45 0
      vertex 5.87368 -44.615 0
    endloop
  endfacet
  facet normal 0.442301 -0.896867 0
    outer loop
      vertex 17.2208 -41.5746 0
      vertex 22.5 -38.9711 14
      vertex 17.2208 -41.5746 14
    endloop
  endfacet
  facet normal 0.442301 -0.896867 0
    outer loop
      vertex 22.5 -38.9711 14
      vertex 17.2208 -41.5746 0
      vertex 22.5 -38.9711 0
    endloop
  endfacet
  facet normal 0.65935 -0.751836 0
    outer loop
      vertex 27.3943 -35.7009 0
      vertex 31.8198 -31.8198 14
      vertex 27.3943 -35.7009 14
    endloop
  endfacet
  facet normal 0.65935 -0.751836 0
    outer loop
      vertex 31.8198 -31.8198 14
      vertex 27.3943 -35.7009 0
      vertex 31.8198 -31.8198 0
    endloop
  endfacet
  facet normal -0.896867 -0.442301 0
    outer loop
      vertex -38.9711 -22.5 0
      vertex -41.5746 -17.2208 14
      vertex -41.5746 -17.2208 0
    endloop
  endfacet
  facet normal -0.896867 -0.442301 0
    outer loop
      vertex -41.5746 -17.2208 14
      vertex -38.9711 -22.5 0
      vertex -38.9711 -22.5 14
    endloop
  endfacet
  facet normal 0.896867 -0.442301 0
    outer loop
      vertex 38.9711 -22.5 14
      vertex 41.5746 -17.2208 0
      vertex 41.5746 -17.2208 14
    endloop
  endfacet
  facet normal 0.896867 -0.442301 0
    outer loop
      vertex 41.5746 -17.2208 0
      vertex 38.9711 -22.5 14
      vertex 38.9711 -22.5 0
    endloop
  endfacet
  facet normal 0.65935 0.751836 -0
    outer loop
      vertex 31.8198 31.8198 0
      vertex 27.3943 35.7009 14
      vertex 31.8198 31.8198 14
    endloop
  endfacet
  facet normal 0.65935 0.751836 0
    outer loop
      vertex 27.3943 35.7009 14
      vertex 31.8198 31.8198 0
      vertex 27.3943 35.7009 0
    endloop
  endfacet
  facet normal 0.997859 -0.0654063 0
    outer loop
      vertex 44.615 -5.87368 14
      vertex 45 0 0
      vertex 45 0 14
    endloop
  endfacet
  facet normal 0.997859 -0.0654063 0
    outer loop
      vertex 45 0 0
      vertex 44.615 -5.87368 14
      vertex 44.615 -5.87368 0
    endloop
  endfacet
  facet normal -0.555562 -0.831475 0
    outer loop
      vertex -27.3943 -35.7009 0
      vertex -22.5 -38.9711 14
      vertex -27.3943 -35.7009 14
    endloop
  endfacet
  facet normal -0.555562 -0.831475 -0
    outer loop
      vertex -22.5 -38.9711 14
      vertex -27.3943 -35.7009 0
      vertex -22.5 -38.9711 0
    endloop
  endfacet
  facet normal 0.896867 0.442301 0
    outer loop
      vertex 41.5746 17.2208 14
      vertex 38.9711 22.5 0
      vertex 38.9711 22.5 14
    endloop
  endfacet
  facet normal 0.896867 0.442301 0
    outer loop
      vertex 38.9711 22.5 0
      vertex 41.5746 17.2208 14
      vertex 41.5746 17.2208 0
    endloop
  endfacet
  facet normal 0.980787 -0.19508 0
    outer loop
      vertex 43.4667 -11.6469 14
      vertex 44.615 -5.87368 0
      vertex 44.615 -5.87368 14
    endloop
  endfacet
  facet normal 0.980787 -0.19508 0
    outer loop
      vertex 44.615 -5.87368 0
      vertex 43.4667 -11.6469 14
      vertex 43.4667 -11.6469 0
    endloop
  endfacet
  facet normal 0.946929 0.321442 0
    outer loop
      vertex 43.4667 11.6469 14
      vertex 41.5746 17.2208 0
      vertex 41.5746 17.2208 14
    endloop
  endfacet
  facet normal 0.946929 0.321442 0
    outer loop
      vertex 41.5746 17.2208 0
      vertex 43.4667 11.6469 14
      vertex 43.4667 11.6469 0
    endloop
  endfacet
  facet normal -0.0654063 0.997859 0
    outer loop
      vertex 0 45 0
      vertex -5.87368 44.615 14
      vertex 0 45 14
    endloop
  endfacet
  facet normal -0.0654063 0.997859 0
    outer loop
      vertex -5.87368 44.615 14
      vertex 0 45 0
      vertex -5.87368 44.615 0
    endloop
  endfacet
  facet normal -0.980787 -0.19508 0
    outer loop
      vertex -43.4667 -11.6469 0
      vertex -44.615 -5.87368 14
      vertex -44.615 -5.87368 0
    endloop
  endfacet
  facet normal -0.980787 -0.19508 0
    outer loop
      vertex -44.615 -5.87368 14
      vertex -43.4667 -11.6469 0
      vertex -43.4667 -11.6469 14
    endloop
  endfacet
  facet normal 0 0 1
    outer loop
      vertex 21.1695 22.0845 14
      vertex -21.1695 22.0845 14
      vertex 21.3511 21.8126 14
    endloop
  endfacet
  facet normal 0 0 1
    outer loop
      vertex 21.5668 -21.5668 14
      vertex -20.8559 -23.0082 14
      vertex -20.8345 -23.3345 14
    endloop
  endfacet
  facet normal 0 0 1
    outer loop
      vertex -21.3511 21.8126 14
      vertex 21.3511 21.8126 14
      vertex -21.1695 22.0845 14
    endloop
  endfacet
  facet normal 0 0 1
    outer loop
      vertex 21.5668 -21.5668 14
      vertex -20.9197 -22.6875 14
      vertex -20.8559 -23.0082 14
    endloop
  endfacet
  facet normal 0 0 1
    outer loop
      vertex 21.3511 21.8126 14
      vertex -21.3511 21.8126 14
      vertex 21.5668 21.5668 14
    endloop
  endfacet
  facet normal 0 0 1
    outer loop
      vertex 21.5668 -21.5668 14
      vertex -21.0248 -22.3778 14
      vertex -20.9197 -22.6875 14
    endloop
  endfacet
  facet normal 0 0 1
    outer loop
      vertex -21.5668 21.5668 14
      vertex 21.5668 21.5668 14
      vertex -21.3511 21.8126 14
    endloop
  endfacet
  facet normal 0 0 1
    outer loop
      vertex 21.5668 -21.5668 14
      vertex -21.1695 -22.0845 14
      vertex -21.0248 -22.3778 14
    endloop
  endfacet
  facet normal 0 0 1
    outer loop
      vertex 21.5668 21.5668 14
      vertex -21.5668 21.5668 14
      vertex 21.5668 -21.5668 14
    endloop
  endfacet
  facet normal 0 0 1
    outer loop
      vertex 21.5668 -21.5668 14
      vertex -21.3511 -21.8126 14
      vertex -21.1695 -22.0845 14
    endloop
  endfacet
  facet normal 0 0 1
    outer loop
      vertex -21.5668 -21.5668 14
      vertex 21.5668 -21.5668 14
      vertex -21.5668 21.5668 14
    endloop
  endfacet
  facet normal 0 0 1
    outer loop
      vertex 21.5668 -21.5668 14
      vertex -21.5668 -21.5668 14
      vertex -21.3511 -21.8126 14
    endloop
  endfacet
  facet normal -0 0 1
    outer loop
      vertex -21.8126 21.3511 14
      vertex -21.5668 -21.5668 14
      vertex -21.5668 21.5668 14
    endloop
  endfacet
  facet normal 0 0 1
    outer loop
      vertex -21.8126 21.3511 14
      vertex -21.8126 -21.3511 14
      vertex -21.5668 -21.5668 14
    endloop
  endfacet
  facet normal -0 0 1
    outer loop
      vertex -22.0845 21.1695 14
      vertex -21.8126 -21.3511 14
      vertex -21.8126 21.3511 14
    endloop
  endfacet
  facet normal 0 0 1
    outer loop
      vertex -22.0845 21.1695 14
      vertex -22.0845 -21.1695 14
      vertex -21.8126 -21.3511 14
    endloop
  endfacet
  facet normal -0 0 1
    outer loop
      vertex -22.3778 21.0248 14
      vertex -22.0845 -21.1695 14
      vertex -22.0845 21.1695 14
    endloop
  endfacet
  facet normal 0 0 1
    outer loop
      vertex -22.3778 21.0248 14
      vertex -22.3778 -21.0248 14
      vertex -22.0845 -21.1695 14
    endloop
  endfacet
  facet normal -0 0 1
    outer loop
      vertex -22.6875 20.9197 14
      vertex -22.3778 -21.0248 14
      vertex -22.3778 21.0248 14
    endloop
  endfacet
  facet normal 0 0 1
    outer loop
      vertex -22.6875 20.9197 14
      vertex -22.6875 -20.9197 14
      vertex -22.3778 -21.0248 14
    endloop
  endfacet
  facet normal -0 0 1
    outer loop
      vertex -23.0082 20.8559 14
      vertex -22.6875 -20.9197 14
      vertex -22.6875 20.9197 14
    endloop
  endfacet
  facet normal 0 0 1
    outer loop
      vertex -23.0082 20.8559 14
      vertex -23.0082 -20.8559 14
      vertex -22.6875 -20.9197 14
    endloop
  endfacet
  facet normal -0 0 1
    outer loop
      vertex -23.3345 20.8345 14
      vertex -23.0082 -20.8559 14
      vertex -23.0082 20.8559 14
    endloop
  endfacet
  facet normal 0 0 1
    outer loop
      vertex -23.3345 20.8345 14
      vertex -23.3345 -20.8345 14
      vertex -23.0082 -20.8559 14
    endloop
  endfacet
  facet normal 0 0 1
    outer loop
      vertex -45 0 14
      vertex -23.3345 20.8345 14
      vertex -23.6608 20.8559 14
    endloop
  endfacet
  facet normal 0 0 1
    outer loop
      vertex -23.3345 20.8345 14
      vertex -45 0 14
      vertex -23.3345 -20.8345 14
    endloop
  endfacet
  facet normal 0 0 1
    outer loop
      vertex -44.615 5.87368 14
      vertex -23.6608 20.8559 14
      vertex -23.9816 20.9197 14
    endloop
  endfacet
  facet normal 0 0 1
    outer loop
      vertex -23.3345 -20.8345 14
      vertex -45 0 14
      vertex -23.6608 -20.8559 14
    endloop
  endfacet
  facet normal 0 0 1
    outer loop
      vertex -43.4667 11.6469 14
      vertex -23.9816 20.9197 14
      vertex -24.2912 21.0248 14
    endloop
  endfacet
  facet normal -0 -0 1
    outer loop
      vertex -44.615 -5.87368 14
      vertex -23.6608 -20.8559 14
      vertex -45 0 14
    endloop
  endfacet
  facet normal 0 0 1
    outer loop
      vertex -43.4667 11.6469 14
      vertex -24.2912 21.0248 14
      vertex -24.5845 21.1695 14
    endloop
  endfacet
  facet normal 0 0 1
    outer loop
      vertex -23.6608 -20.8559 14
      vertex -44.615 -5.87368 14
      vertex -23.9816 -20.9197 14
    endloop
  endfacet
  facet normal 0 0 1
    outer loop
      vertex -41.5746 17.2208 14
      vertex -24.5845 21.1695 14
      vertex -24.8564 21.3511 14
    endloop
  endfacet
  facet normal -0 -0 1
    outer loop
      vertex -43.4667 -11.6469 14
      vertex -23.9816 -20.9197 14
      vertex -44.615 -5.87368 14
    endloop
  endfacet
  facet normal 0 0 1
    outer loop
      vertex -41.5746 17.2208 14
      vertex -24.8564 21.3511 14
      vertex -25.1023 21.5668 14
    endloop
  endfacet
  facet normal 0 0 1
    outer loop
      vertex -23.9816 -20.9197 14
      vertex -43.4667 -11.6469 14
      vertex -24.2912 -21.0248 14
    endloop
  endfacet
  facet normal 0 0 1
    outer loop
      vertex -41.5746 17.2208 14
      vertex -25.1023 21.5668 14
      vertex -25.3179 21.8126 14
    endloop
  endfacet
  facet normal 0 0 1
    outer loop
      vertex -24.2912 -21.0248 14
      vertex -43.4667 -11.6469 14
      vertex -24.5845 -21.1695 14
    endloop
  endfacet
  facet normal 0 0 1
    outer loop
      vertex -38.9711 22.5 14
      vertex -25.3179 21.8126 14
      vertex -25.4996 22.0845 14
    endloop
  endfacet
  facet normal -0 -0 1
    outer loop
      vertex -41.5746 -17.2208 14
      vertex -24.5845 -21.1695 14
      vertex -43.4667 -11.6469 14
    endloop
  endfacet
  facet normal 0 0 1
    outer loop
      vertex -38.9711 22.5 14
      vertex -25.4996 22.0845 14
      vertex -25.6442 22.3778 14
    endloop
  endfacet
  facet normal 0 0 1
    outer loop
      vertex -24.5845 -21.1695 14
      vertex -41.5746 -17.2208 14
      vertex -24.8564 -21.3511 14
    endloop
  endfacet
  facet normal -0 0 1
    outer loop
      vertex -38.9711 22.5 14
      vertex -25.6442 22.3778 14
      vertex -25.7493 22.6875 14
    endloop
  endfacet
  facet normal 0 0 1
    outer loop
      vertex -24.8564 -21.3511 14
      vertex -41.5746 -17.2208 14
      vertex -25.1023 -21.5668 14
    endloop
  endfacet
  facet normal 0 0 1
    outer loop
      vertex -38.9711 22.5 14
      vertex -25.7493 22.6875 14
      vertex -25.8131 23.0082 14
    endloop
  endfacet
  facet normal 0 0 1
    outer loop
      vertex -25.1023 -21.5668 14
      vertex -41.5746 -17.2208 14
      vertex -25.3179 -21.8126 14
    endloop
  endfacet
  facet normal 0 0 1
    outer loop
      vertex -35.7009 27.3943 14
      vertex -25.8131 23.0082 14
      vertex -25.8345 23.3345 14
    endloop
  endfacet
  facet normal 0 -0 1
    outer loop
      vertex -38.9711 -22.5 14
      vertex -25.3179 -21.8126 14
      vertex -41.5746 -17.2208 14
    endloop
  endfacet
  facet normal -0 0 1
    outer loop
      vertex -20.9197 -23.9816 14
      vertex -5.87368 -44.615 14
      vertex -20.8559 -23.6608 14
    endloop
  endfacet
  facet normal 0 0 1
    outer loop
      vertex -5.87368 -44.615 14
      vertex -20.9197 -23.9816 14
      vertex -11.6469 -43.4667 14
    endloop
  endfacet
  facet normal -0 0 1
    outer loop
      vertex -21.0248 -24.2912 14
      vertex -11.6469 -43.4667 14
      vertex -20.9197 -23.9816 14
    endloop
  endfacet
  facet normal -0 0 1
    outer loop
      vertex -21.1695 -24.5845 14
      vertex -11.6469 -43.4667 14
      vertex -21.0248 -24.2912 14
    endloop
  endfacet
  facet normal 0 0 1
    outer loop
      vertex -11.6469 -43.4667 14
      vertex -21.1695 -24.5845 14
      vertex -17.2208 -41.5746 14
    endloop
  endfacet
  facet normal -0 0 1
    outer loop
      vertex -21.3511 -24.8564 14
      vertex -17.2208 -41.5746 14
      vertex -21.1695 -24.5845 14
    endloop
  endfacet
  facet normal -0 0 1
    outer loop
      vertex -21.5668 -25.1023 14
      vertex -17.2208 -41.5746 14
      vertex -21.3511 -24.8564 14
    endloop
  endfacet
  facet normal -0 0 1
    outer loop
      vertex -21.8126 -25.3179 14
      vertex -17.2208 -41.5746 14
      vertex -21.5668 -25.1023 14
    endloop
  endfacet
  facet normal 0 0 1
    outer loop
      vertex -22.5 -38.9711 14
      vertex -21.8126 -25.3179 14
      vertex -22.0845 -25.4996 14
    endloop
  endfacet
  facet normal 0 0 1
    outer loop
      vertex -22.5 -38.9711 14
      vertex -22.0845 -25.4996 14
      vertex -22.3778 -25.6442 14
    endloop
  endfacet
  facet normal 0 0 1
    outer loop
      vertex -21.8126 -25.3179 14
      vertex -22.5 -38.9711 14
      vertex -17.2208 -41.5746 14
    endloop
  endfacet
  facet normal -0 0 1
    outer loop
      vertex -22.6875 -25.7493 14
      vertex -22.5 -38.9711 14
      vertex -22.3778 -25.6442 14
    endloop
  endfacet
  facet normal -0 0 1
    outer loop
      vertex -23.0082 -25.8131 14
      vertex -22.5 -38.9711 14
      vertex -22.6875 -25.7493 14
    endloop
  endfacet
  facet normal 0 0 1
    outer loop
      vertex -27.3943 -35.7009 14
      vertex -23.0082 -25.8131 14
      vertex -23.3345 -25.8345 14
    endloop
  endfacet
  facet normal 0 0 1
    outer loop
      vertex -27.3943 -35.7009 14
      vertex -23.3345 -25.8345 14
      vertex -23.6608 -25.8131 14
    endloop
  endfacet
  facet normal 0 0 1
    outer loop
      vertex -27.3943 -35.7009 14
      vertex -23.6608 -25.8131 14
      vertex -23.9816 -25.7493 14
    endloop
  endfacet
  facet normal 0 0 1
    outer loop
      vertex -27.3943 -35.7009 14
      vertex -23.9816 -25.7493 14
      vertex -24.2912 -25.6442 14
    endloop
  endfacet
  facet normal 0 0 1
    outer loop
      vertex -31.8198 -31.8198 14
      vertex -24.2912 -25.6442 14
      vertex -24.5845 -25.4996 14
    endloop
  endfacet
  facet normal 0 0 1
    outer loop
      vertex -31.8198 -31.8198 14
      vertex -24.5845 -25.4996 14
      vertex -24.8564 -25.3179 14
    endloop
  endfacet
  facet normal 0 0 1
    outer loop
      vertex -31.8198 -31.8198 14
      vertex -24.8564 -25.3179 14
      vertex -25.1023 -25.1023 14
    endloop
  endfacet
  facet normal 0 0 1
    outer loop
      vertex -31.8198 -31.8198 14
      vertex -25.1023 -25.1023 14
      vertex -25.3179 -24.8564 14
    endloop
  endfacet
  facet normal 0 0 1
    outer loop
      vertex -31.8198 -31.8198 14
      vertex -25.3179 -24.8564 14
      vertex -25.4996 -24.5845 14
    endloop
  endfacet
  facet normal 0 0 1
    outer loop
      vertex -31.8198 -31.8198 14
      vertex -25.4996 -24.5845 14
      vertex -25.6442 -24.2912 14
    endloop
  endfacet
  facet normal 0 0 1
    outer loop
      vertex -35.7009 -27.3943 14
      vertex -25.6442 -24.2912 14
      vertex -25.7493 -23.9816 14
    endloop
  endfacet
  facet normal 0 0 1
    outer loop
      vertex -23.0082 -25.8131 14
      vertex -27.3943 -35.7009 14
      vertex -22.5 -38.9711 14
    endloop
  endfacet
  facet normal 0 0 1
    outer loop
      vertex -35.7009 -27.3943 14
      vertex -25.7493 -23.9816 14
      vertex -25.8131 -23.6608 14
    endloop
  endfacet
  facet normal 0 0 1
    outer loop
      vertex -35.7009 -27.3943 14
      vertex -25.8131 -23.6608 14
      vertex -25.8345 -23.3345 14
    endloop
  endfacet
  facet normal 0 0 1
    outer loop
      vertex -25.8131 23.6608 14
      vertex -35.7009 27.3943 14
      vertex -25.8345 23.3345 14
    endloop
  endfacet
  facet normal 0 0 1
    outer loop
      vertex -25.8131 23.0082 14
      vertex -35.7009 27.3943 14
      vertex -38.9711 22.5 14
    endloop
  endfacet
  facet normal 0 0 1
    outer loop
      vertex -24.2912 -25.6442 14
      vertex -31.8198 -31.8198 14
      vertex -27.3943 -35.7009 14
    endloop
  endfacet
  facet normal 0 0 1
    outer loop
      vertex -25.3179 21.8126 14
      vertex -38.9711 22.5 14
      vertex -41.5746 17.2208 14
    endloop
  endfacet
  facet normal 0 0 1
    outer loop
      vertex -25.6442 -24.2912 14
      vertex -35.7009 -27.3943 14
      vertex -31.8198 -31.8198 14
    endloop
  endfacet
  facet normal 0 0 1
    outer loop
      vertex -24.5845 21.1695 14
      vertex -41.5746 17.2208 14
      vertex -43.4667 11.6469 14
    endloop
  endfacet
  facet normal 0 0 1
    outer loop
      vertex -25.8131 -23.0082 14
      vertex -35.7009 -27.3943 14
      vertex -25.8345 -23.3345 14
    endloop
  endfacet
  facet normal 0 0 1
    outer loop
      vertex -23.9816 20.9197 14
      vertex -43.4667 11.6469 14
      vertex -44.615 5.87368 14
    endloop
  endfacet
  facet normal 0 -0 1
    outer loop
      vertex -35.7009 -27.3943 14
      vertex -25.8131 -23.0082 14
      vertex -38.9711 -22.5 14
    endloop
  endfacet
  facet normal 0 0 1
    outer loop
      vertex -23.6608 20.8559 14
      vertex -44.615 5.87368 14
      vertex -45 0 14
    endloop
  endfacet
  facet normal 0 0 1
    outer loop
      vertex -25.7493 -22.6875 14
      vertex -38.9711 -22.5 14
      vertex -25.8131 -23.0082 14
    endloop
  endfacet
  facet normal 0 0 1
    outer loop
      vertex -25.3179 -21.8126 14
      vertex -38.9711 -22.5 14
      vertex -25.4996 -22.0845 14
    endloop
  endfacet
  facet normal 0 0 1
    outer loop
      vertex -25.6442 -22.3778 14
      vertex -38.9711 -22.5 14
      vertex -25.7493 -22.6875 14
    endloop
  endfacet
  facet normal 0 0 1
    outer loop
      vertex -25.4996 -22.0845 14
      vertex -38.9711 -22.5 14
      vertex -25.6442 -22.3778 14
    endloop
  endfacet
  facet normal 0 0 1
    outer loop
      vertex 38.9711 22.5 14
      vertex 25.3179 21.8126 14
      vertex 41.5746 17.2208 14
    endloop
  endfacet
  facet normal 0 0 1
    outer loop
      vertex 45 0 14
      vertex 25.8131 -23.0082 14
      vertex 25.8345 -23.3345 14
    endloop
  endfacet
  facet normal -0 0 1
    outer loop
      vertex 25.1023 21.5668 14
      vertex 41.5746 17.2208 14
      vertex 25.3179 21.8126 14
    endloop
  endfacet
  facet normal 0 0 1
    outer loop
      vertex 45 0 14
      vertex 25.7493 -22.6875 14
      vertex 25.8131 -23.0082 14
    endloop
  endfacet
  facet normal -0 0 1
    outer loop
      vertex 24.8564 21.3511 14
      vertex 41.5746 17.2208 14
      vertex 25.1023 21.5668 14
    endloop
  endfacet
  facet normal 0 0 1
    outer loop
      vertex 45 0 14
      vertex 25.6442 -22.3778 14
      vertex 25.7493 -22.6875 14
    endloop
  endfacet
  facet normal -0 0 1
    outer loop
      vertex 24.5845 21.1695 14
      vertex 41.5746 17.2208 14
      vertex 24.8564 21.3511 14
    endloop
  endfacet
  facet normal 0 0 1
    outer loop
      vertex 45 0 14
      vertex 25.4996 -22.0845 14
      vertex 25.6442 -22.3778 14
    endloop
  endfacet
  facet normal 0 0 1
    outer loop
      vertex 41.5746 17.2208 14
      vertex 24.5845 21.1695 14
      vertex 43.4667 11.6469 14
    endloop
  endfacet
  facet normal 0 0 1
    outer loop
      vertex 45 0 14
      vertex 25.3179 -21.8126 14
      vertex 25.4996 -22.0845 14
    endloop
  endfacet
  facet normal -0 0 1
    outer loop
      vertex 24.2912 21.0248 14
      vertex 43.4667 11.6469 14
      vertex 24.5845 21.1695 14
    endloop
  endfacet
  facet normal 0 0 1
    outer loop
      vertex 45 0 14
      vertex 25.1023 -21.5668 14
      vertex 25.3179 -21.8126 14
    endloop
  endfacet
  facet normal -0 0 1
    outer loop
      vertex 23.9816 20.9197 14
      vertex 43.4667 11.6469 14
      vertex 24.2912 21.0248 14
    endloop
  endfacet
  facet normal 0 0 1
    outer loop
      vertex 45 0 14
      vertex 24.8564 -21.3511 14
      vertex 25.1023 -21.5668 14
    endloop
  endfacet
  facet normal 0 0 1
    outer loop
      vertex 43.4667 11.6469 14
      vertex 23.9816 20.9197 14
      vertex 44.615 5.87368 14
    endloop
  endfacet
  facet normal 0 0 1
    outer loop
      vertex 45 0 14
      vertex 24.5845 -21.1695 14
      vertex 24.8564 -21.3511 14
    endloop
  endfacet
  facet normal -0 0 1
    outer loop
      vertex 23.6608 20.8559 14
      vertex 44.615 5.87368 14
      vertex 23.9816 20.9197 14
    endloop
  endfacet
  facet normal 0 0 1
    outer loop
      vertex 45 0 14
      vertex 24.2912 -21.0248 14
      vertex 24.5845 -21.1695 14
    endloop
  endfacet
  facet normal 0 0 1
    outer loop
      vertex 44.615 5.87368 14
      vertex 23.6608 20.8559 14
      vertex 45 0 14
    endloop
  endfacet
  facet normal 0 0 1
    outer loop
      vertex 45 0 14
      vertex 23.9816 -20.9197 14
      vertex 24.2912 -21.0248 14
    endloop
  endfacet
  facet normal -0 0 1
    outer loop
      vertex 23.3345 20.8345 14
      vertex 45 0 14
      vertex 23.6608 20.8559 14
    endloop
  endfacet
  facet normal 0 0 1
    outer loop
      vertex 45 0 14
      vertex 23.6608 -20.8559 14
      vertex 23.9816 -20.9197 14
    endloop
  endfacet
  facet normal 0 0 1
    outer loop
      vertex 23.3345 -20.8345 14
      vertex 45 0 14
      vertex 23.3345 20.8345 14
    endloop
  endfacet
  facet normal 0 0 1
    outer loop
      vertex 45 0 14
      vertex 23.3345 -20.8345 14
      vertex 23.6608 -20.8559 14
    endloop
  endfacet
  facet normal 0 0 1
    outer loop
      vertex 23.0082 20.8559 14
      vertex 23.3345 -20.8345 14
      vertex 23.3345 20.8345 14
    endloop
  endfacet
  facet normal 0 0 1
    outer loop
      vertex 23.0082 20.8559 14
      vertex 23.0082 -20.8559 14
      vertex 23.3345 -20.8345 14
    endloop
  endfacet
  facet normal 0 0 1
    outer loop
      vertex 22.6875 20.9197 14
      vertex 23.0082 -20.8559 14
      vertex 23.0082 20.8559 14
    endloop
  endfacet
  facet normal 0 0 1
    outer loop
      vertex 22.6875 20.9197 14
      vertex 22.6875 -20.9197 14
      vertex 23.0082 -20.8559 14
    endloop
  endfacet
  facet normal 0 0 1
    outer loop
      vertex 22.3778 21.0248 14
      vertex 22.6875 -20.9197 14
      vertex 22.6875 20.9197 14
    endloop
  endfacet
  facet normal 0 0 1
    outer loop
      vertex 22.3778 21.0248 14
      vertex 22.3778 -21.0248 14
      vertex 22.6875 -20.9197 14
    endloop
  endfacet
  facet normal 0 0 1
    outer loop
      vertex 22.0845 21.1695 14
      vertex 22.3778 -21.0248 14
      vertex 22.3778 21.0248 14
    endloop
  endfacet
  facet normal 0 0 1
    outer loop
      vertex 22.0845 21.1695 14
      vertex 22.0845 -21.1695 14
      vertex 22.3778 -21.0248 14
    endloop
  endfacet
  facet normal 0 0 1
    outer loop
      vertex 21.8126 21.3511 14
      vertex 22.0845 -21.1695 14
      vertex 22.0845 21.1695 14
    endloop
  endfacet
  facet normal 0 0 1
    outer loop
      vertex 21.8126 21.3511 14
      vertex 21.8126 -21.3511 14
      vertex 22.0845 -21.1695 14
    endloop
  endfacet
  facet normal 0 0 1
    outer loop
      vertex 21.5668 21.5668 14
      vertex 21.8126 -21.3511 14
      vertex 21.8126 21.3511 14
    endloop
  endfacet
  facet normal 0 0 1
    outer loop
      vertex 21.5668 21.5668 14
      vertex 21.5668 -21.5668 14
      vertex 21.8126 -21.3511 14
    endloop
  endfacet
  facet normal 0 0 1
    outer loop
      vertex -21.0248 22.3778 14
      vertex 21.0248 22.3778 14
      vertex -20.9197 22.6875 14
    endloop
  endfacet
  facet normal 0 0 1
    outer loop
      vertex 21.0248 22.3778 14
      vertex -21.0248 22.3778 14
      vertex 21.1695 22.0845 14
    endloop
  endfacet
  facet normal 0 0 1
    outer loop
      vertex 20.9197 22.6875 14
      vertex -20.9197 22.6875 14
      vertex 21.0248 22.3778 14
    endloop
  endfacet
  facet normal 0 0 1
    outer loop
      vertex -21.1695 22.0845 14
      vertex 21.1695 22.0845 14
      vertex -21.0248 22.3778 14
    endloop
  endfacet
  facet normal 0 0 1
    outer loop
      vertex -20.9197 22.6875 14
      vertex 20.9197 22.6875 14
      vertex -20.8559 23.0082 14
    endloop
  endfacet
  facet normal 0 0 1
    outer loop
      vertex 21.5668 -21.5668 14
      vertex -20.8345 -23.3345 14
      vertex 21.3511 -21.8126 14
    endloop
  endfacet
  facet normal 0 0 1
    outer loop
      vertex 20.8559 23.0082 14
      vertex -20.8559 23.0082 14
      vertex 20.9197 22.6875 14
    endloop
  endfacet
  facet normal 0 0 1
    outer loop
      vertex 21.3511 -21.8126 14
      vertex -20.8345 -23.3345 14
      vertex 21.1695 -22.0845 14
    endloop
  endfacet
  facet normal 0 0 1
    outer loop
      vertex -20.8559 23.0082 14
      vertex 20.8559 23.0082 14
      vertex -20.8345 23.3345 14
    endloop
  endfacet
  facet normal 0 0 1
    outer loop
      vertex 21.1695 -22.0845 14
      vertex -20.8345 -23.3345 14
      vertex 21.0248 -22.3778 14
    endloop
  endfacet
  facet normal -0 0 1
    outer loop
      vertex -20.8345 23.3345 14
      vertex 20.8559 23.0082 14
      vertex 20.8345 23.3345 14
    endloop
  endfacet
  facet normal 0 0 1
    outer loop
      vertex -20.8345 -23.3345 14
      vertex 20.9197 -22.6875 14
      vertex 21.0248 -22.3778 14
    endloop
  endfacet
  facet normal 0 0 1
    outer loop
      vertex 25.4996 22.0845 14
      vertex 38.9711 22.5 14
      vertex 25.6442 22.3778 14
    endloop
  endfacet
  facet normal 0 0 1
    outer loop
      vertex 25.6442 22.3778 14
      vertex 38.9711 22.5 14
      vertex 25.7493 22.6875 14
    endloop
  endfacet
  facet normal 0 0 1
    outer loop
      vertex 25.3179 21.8126 14
      vertex 38.9711 22.5 14
      vertex 25.4996 22.0845 14
    endloop
  endfacet
  facet normal -0 0 1
    outer loop
      vertex 25.7493 22.6875 14
      vertex 38.9711 22.5 14
      vertex 25.8131 23.0082 14
    endloop
  endfacet
  facet normal 0 0 1
    outer loop
      vertex 45 0 14
      vertex 25.8345 -23.3345 14
      vertex 44.615 -5.87368 14
    endloop
  endfacet
  facet normal 0 0 1
    outer loop
      vertex 35.7009 27.3943 14
      vertex 25.8131 23.0082 14
      vertex 38.9711 22.5 14
    endloop
  endfacet
  facet normal 0 0 1
    outer loop
      vertex 44.615 -5.87368 14
      vertex 25.8345 -23.3345 14
      vertex 43.4667 -11.6469 14
    endloop
  endfacet
  facet normal 0 0 1
    outer loop
      vertex 25.8131 23.0082 14
      vertex 35.7009 27.3943 14
      vertex 25.8345 23.3345 14
    endloop
  endfacet
  facet normal 0 0 1
    outer loop
      vertex 43.4667 -11.6469 14
      vertex 25.8345 -23.3345 14
      vertex 41.5746 -17.2208 14
    endloop
  endfacet
  facet normal 0 0 1
    outer loop
      vertex 25.6442 24.2912 14
      vertex 35.7009 27.3943 14
      vertex 31.8198 31.8198 14
    endloop
  endfacet
  facet normal 0 0 1
    outer loop
      vertex 41.5746 -17.2208 14
      vertex 25.8345 -23.3345 14
      vertex 38.9711 -22.5 14
    endloop
  endfacet
  facet normal 0 0 1
    outer loop
      vertex 24.2912 25.6442 14
      vertex 31.8198 31.8198 14
      vertex 27.3943 35.7009 14
    endloop
  endfacet
  facet normal 0 0 1
    outer loop
      vertex 38.9711 -22.5 14
      vertex 25.8345 -23.3345 14
      vertex 35.7009 -27.3943 14
    endloop
  endfacet
  facet normal -0 0 1
    outer loop
      vertex 25.8131 -23.6608 14
      vertex 35.7009 -27.3943 14
      vertex 25.8345 -23.3345 14
    endloop
  endfacet
  facet normal 0 0 1
    outer loop
      vertex 35.7009 27.3943 14
      vertex 25.8131 23.6608 14
      vertex 25.8345 23.3345 14
    endloop
  endfacet
  facet normal 0 0 1
    outer loop
      vertex 35.7009 27.3943 14
      vertex 25.7493 23.9816 14
      vertex 25.8131 23.6608 14
    endloop
  endfacet
  facet normal 0 0 1
    outer loop
      vertex 35.7009 27.3943 14
      vertex 25.6442 24.2912 14
      vertex 25.7493 23.9816 14
    endloop
  endfacet
  facet normal 0 0 1
    outer loop
      vertex 31.8198 31.8198 14
      vertex 25.4996 24.5845 14
      vertex 25.6442 24.2912 14
    endloop
  endfacet
  facet normal 0 0 1
    outer loop
      vertex 31.8198 31.8198 14
      vertex 25.3179 24.8564 14
      vertex 25.4996 24.5845 14
    endloop
  endfacet
  facet normal 0 0 1
    outer loop
      vertex 31.8198 31.8198 14
      vertex 25.1023 25.1023 14
      vertex 25.3179 24.8564 14
    endloop
  endfacet
  facet normal 0 0 1
    outer loop
      vertex 31.8198 31.8198 14
      vertex 24.8564 25.3179 14
      vertex 25.1023 25.1023 14
    endloop
  endfacet
  facet normal 0 0 1
    outer loop
      vertex 31.8198 31.8198 14
      vertex 24.5845 25.4996 14
      vertex 24.8564 25.3179 14
    endloop
  endfacet
  facet normal 0 0 1
    outer loop
      vertex 31.8198 31.8198 14
      vertex 24.2912 25.6442 14
      vertex 24.5845 25.4996 14
    endloop
  endfacet
  facet normal 0 0 1
    outer loop
      vertex 27.3943 35.7009 14
      vertex 23.9816 25.7493 14
      vertex 24.2912 25.6442 14
    endloop
  endfacet
  facet normal 0 0 1
    outer loop
      vertex 27.3943 35.7009 14
      vertex 23.6608 25.8131 14
      vertex 23.9816 25.7493 14
    endloop
  endfacet
  facet normal 0 0 1
    outer loop
      vertex 27.3943 35.7009 14
      vertex 23.3345 25.8345 14
      vertex 23.6608 25.8131 14
    endloop
  endfacet
  facet normal 0 0 1
    outer loop
      vertex 27.3943 35.7009 14
      vertex 23.0082 25.8131 14
      vertex 23.3345 25.8345 14
    endloop
  endfacet
  facet normal 0 0 1
    outer loop
      vertex 22.5 38.9711 14
      vertex 23.0082 25.8131 14
      vertex 27.3943 35.7009 14
    endloop
  endfacet
  facet normal 0 0 1
    outer loop
      vertex 23.0082 25.8131 14
      vertex 22.5 38.9711 14
      vertex 22.6875 25.7493 14
    endloop
  endfacet
  facet normal 0 0 1
    outer loop
      vertex 22.5 38.9711 14
      vertex 22.3778 25.6442 14
      vertex 22.6875 25.7493 14
    endloop
  endfacet
  facet normal 0 0 1
    outer loop
      vertex 22.5 38.9711 14
      vertex 22.0845 25.4996 14
      vertex 22.3778 25.6442 14
    endloop
  endfacet
  facet normal 0 0 1
    outer loop
      vertex 22.5 38.9711 14
      vertex 21.8126 25.3179 14
      vertex 22.0845 25.4996 14
    endloop
  endfacet
  facet normal 0 0 1
    outer loop
      vertex 17.2208 41.5746 14
      vertex 21.8126 25.3179 14
      vertex 22.5 38.9711 14
    endloop
  endfacet
  facet normal 0 0 1
    outer loop
      vertex 21.8126 25.3179 14
      vertex 17.2208 41.5746 14
      vertex 21.5668 25.1023 14
    endloop
  endfacet
  facet normal 0 0 1
    outer loop
      vertex 21.5668 25.1023 14
      vertex 17.2208 41.5746 14
      vertex 21.3511 24.8564 14
    endloop
  endfacet
  facet normal 0 0 1
    outer loop
      vertex 21.3511 24.8564 14
      vertex 17.2208 41.5746 14
      vertex 21.1695 24.5845 14
    endloop
  endfacet
  facet normal 0 0 1
    outer loop
      vertex 11.6469 43.4667 14
      vertex 21.1695 24.5845 14
      vertex 17.2208 41.5746 14
    endloop
  endfacet
  facet normal 0 0 1
    outer loop
      vertex 21.1695 24.5845 14
      vertex 11.6469 43.4667 14
      vertex 21.0248 24.2912 14
    endloop
  endfacet
  facet normal 0 0 1
    outer loop
      vertex 20.9197 23.9816 14
      vertex 5.87368 44.615 14
      vertex 20.8559 23.6608 14
    endloop
  endfacet
  facet normal 0 0 1
    outer loop
      vertex 5.87368 44.615 14
      vertex 20.9197 23.9816 14
      vertex 11.6469 43.4667 14
    endloop
  endfacet
  facet normal 0 0 1
    outer loop
      vertex 21.0248 24.2912 14
      vertex 11.6469 43.4667 14
      vertex 20.9197 23.9816 14
    endloop
  endfacet
  facet normal -0 0 1
    outer loop
      vertex 25.7493 -23.9816 14
      vertex 35.7009 -27.3943 14
      vertex 25.8131 -23.6608 14
    endloop
  endfacet
  facet normal -0 0 1
    outer loop
      vertex 25.6442 -24.2912 14
      vertex 35.7009 -27.3943 14
      vertex 25.7493 -23.9816 14
    endloop
  endfacet
  facet normal 0 0 1
    outer loop
      vertex 35.7009 -27.3943 14
      vertex 25.6442 -24.2912 14
      vertex 31.8198 -31.8198 14
    endloop
  endfacet
  facet normal -0 0 1
    outer loop
      vertex 25.4996 -24.5845 14
      vertex 31.8198 -31.8198 14
      vertex 25.6442 -24.2912 14
    endloop
  endfacet
  facet normal -0 0 1
    outer loop
      vertex 25.3179 -24.8564 14
      vertex 31.8198 -31.8198 14
      vertex 25.4996 -24.5845 14
    endloop
  endfacet
  facet normal -0 0 1
    outer loop
      vertex 25.1023 -25.1023 14
      vertex 31.8198 -31.8198 14
      vertex 25.3179 -24.8564 14
    endloop
  endfacet
  facet normal -0 0 1
    outer loop
      vertex 24.8564 -25.3179 14
      vertex 31.8198 -31.8198 14
      vertex 25.1023 -25.1023 14
    endloop
  endfacet
  facet normal -0 0 1
    outer loop
      vertex 24.5845 -25.4996 14
      vertex 31.8198 -31.8198 14
      vertex 24.8564 -25.3179 14
    endloop
  endfacet
  facet normal -0 0 1
    outer loop
      vertex 24.2912 -25.6442 14
      vertex 31.8198 -31.8198 14
      vertex 24.5845 -25.4996 14
    endloop
  endfacet
  facet normal 0 0 1
    outer loop
      vertex 31.8198 -31.8198 14
      vertex 24.2912 -25.6442 14
      vertex 27.3943 -35.7009 14
    endloop
  endfacet
  facet normal -0 0 1
    outer loop
      vertex 23.9816 -25.7493 14
      vertex 27.3943 -35.7009 14
      vertex 24.2912 -25.6442 14
    endloop
  endfacet
  facet normal -0 0 1
    outer loop
      vertex 23.6608 -25.8131 14
      vertex 27.3943 -35.7009 14
      vertex 23.9816 -25.7493 14
    endloop
  endfacet
  facet normal -0 0 1
    outer loop
      vertex 23.3345 -25.8345 14
      vertex 27.3943 -35.7009 14
      vertex 23.6608 -25.8131 14
    endloop
  endfacet
  facet normal 0 0 1
    outer loop
      vertex 23.0082 -25.8131 14
      vertex 27.3943 -35.7009 14
      vertex 23.3345 -25.8345 14
    endloop
  endfacet
  facet normal 0 0 1
    outer loop
      vertex 22.5 -38.9711 14
      vertex 23.0082 -25.8131 14
      vertex 22.6875 -25.7493 14
    endloop
  endfacet
  facet normal 0 0 1
    outer loop
      vertex 23.0082 -25.8131 14
      vertex 22.5 -38.9711 14
      vertex 27.3943 -35.7009 14
    endloop
  endfacet
  facet normal 0 0 1
    outer loop
      vertex 22.3778 -25.6442 14
      vertex 22.5 -38.9711 14
      vertex 22.6875 -25.7493 14
    endloop
  endfacet
  facet normal 0 0 1
    outer loop
      vertex 22.0845 -25.4996 14
      vertex 22.5 -38.9711 14
      vertex 22.3778 -25.6442 14
    endloop
  endfacet
  facet normal 0 0 1
    outer loop
      vertex 21.8126 -25.3179 14
      vertex 22.5 -38.9711 14
      vertex 22.0845 -25.4996 14
    endloop
  endfacet
  facet normal 0 0 1
    outer loop
      vertex 17.2208 -41.5746 14
      vertex 21.8126 -25.3179 14
      vertex 21.5668 -25.1023 14
    endloop
  endfacet
  facet normal 0 0 1
    outer loop
      vertex 17.2208 -41.5746 14
      vertex 21.5668 -25.1023 14
      vertex 21.3511 -24.8564 14
    endloop
  endfacet
  facet normal 0 0 1
    outer loop
      vertex 17.2208 -41.5746 14
      vertex 21.3511 -24.8564 14
      vertex 21.1695 -24.5845 14
    endloop
  endfacet
  facet normal 0 0 1
    outer loop
      vertex 11.6469 -43.4667 14
      vertex 21.1695 -24.5845 14
      vertex 21.0248 -24.2912 14
    endloop
  endfacet
  facet normal 0 0 1
    outer loop
      vertex 11.6469 -43.4667 14
      vertex 21.0248 -24.2912 14
      vertex 20.9197 -23.9816 14
    endloop
  endfacet
  facet normal 0 0 1
    outer loop
      vertex 5.87368 -44.615 14
      vertex 20.9197 -23.9816 14
      vertex 20.8559 -23.6608 14
    endloop
  endfacet
  facet normal 0 0 1
    outer loop
      vertex 21.8126 -25.3179 14
      vertex 17.2208 -41.5746 14
      vertex 22.5 -38.9711 14
    endloop
  endfacet
  facet normal 0 0 1
    outer loop
      vertex 0 -45 14
      vertex 20.8559 -23.6608 14
      vertex 20.8345 -23.3345 14
    endloop
  endfacet
  facet normal 0 0 1
    outer loop
      vertex 0 -45 14
      vertex -20.8559 -23.6608 14
      vertex -5.87368 -44.615 14
    endloop
  endfacet
  facet normal 0 0 1
    outer loop
      vertex 0 45 14
      vertex 20.8559 23.6608 14
      vertex 5.87368 44.615 14
    endloop
  endfacet
  facet normal 0 0 1
    outer loop
      vertex -20.8345 -23.3345 14
      vertex 20.8559 -23.0082 14
      vertex 20.9197 -22.6875 14
    endloop
  endfacet
  facet normal 0 0 1
    outer loop
      vertex 20.8559 23.6608 14
      vertex 0 45 14
      vertex 20.8345 23.3345 14
    endloop
  endfacet
  facet normal 0 0 1
    outer loop
      vertex 21.1695 -24.5845 14
      vertex 11.6469 -43.4667 14
      vertex 17.2208 -41.5746 14
    endloop
  endfacet
  facet normal 0 0 1
    outer loop
      vertex 20.8345 23.3345 14
      vertex 0 45 14
      vertex -20.8345 23.3345 14
    endloop
  endfacet
  facet normal 0 0 1
    outer loop
      vertex 20.9197 -23.9816 14
      vertex 5.87368 -44.615 14
      vertex 11.6469 -43.4667 14
    endloop
  endfacet
  facet normal 0 0 1
    outer loop
      vertex -20.8559 23.6608 14
      vertex 0 45 14
      vertex -5.87368 44.615 14
    endloop
  endfacet
  facet normal 0 0 1
    outer loop
      vertex 20.8559 -23.6608 14
      vertex 0 -45 14
      vertex 5.87368 -44.615 14
    endloop
  endfacet
  facet normal 0 0 1
    outer loop
      vertex -20.9197 23.9816 14
      vertex -5.87368 44.615 14
      vertex -11.6469 43.4667 14
    endloop
  endfacet
  facet normal -0 0 1
    outer loop
      vertex -20.8345 -23.3345 14
      vertex 0 -45 14
      vertex 20.8345 -23.3345 14
    endloop
  endfacet
  facet normal 0 0 1
    outer loop
      vertex -21.1695 24.5845 14
      vertex -11.6469 43.4667 14
      vertex -17.2208 41.5746 14
    endloop
  endfacet
  facet normal 0 0 1
    outer loop
      vertex -20.8345 -23.3345 14
      vertex 20.8345 -23.3345 14
      vertex 20.8559 -23.0082 14
    endloop
  endfacet
  facet normal -0 0 1
    outer loop
      vertex -20.8559 -23.6608 14
      vertex 0 -45 14
      vertex -20.8345 -23.3345 14
    endloop
  endfacet
  facet normal 0 0 1
    outer loop
      vertex 0 45 14
      vertex -20.8559 23.6608 14
      vertex -20.8345 23.3345 14
    endloop
  endfacet
  facet normal 0 0 1
    outer loop
      vertex -5.87368 44.615 14
      vertex -20.9197 23.9816 14
      vertex -20.8559 23.6608 14
    endloop
  endfacet
  facet normal 0 0 1
    outer loop
      vertex -11.6469 43.4667 14
      vertex -21.0248 24.2912 14
      vertex -20.9197 23.9816 14
    endloop
  endfacet
  facet normal 0 0 1
    outer loop
      vertex -11.6469 43.4667 14
      vertex -21.1695 24.5845 14
      vertex -21.0248 24.2912 14
    endloop
  endfacet
  facet normal 0 0 1
    outer loop
      vertex -17.2208 41.5746 14
      vertex -21.3511 24.8564 14
      vertex -21.1695 24.5845 14
    endloop
  endfacet
  facet normal 0 0 1
    outer loop
      vertex -17.2208 41.5746 14
      vertex -21.5668 25.1023 14
      vertex -21.3511 24.8564 14
    endloop
  endfacet
  facet normal 0 0 1
    outer loop
      vertex -17.2208 41.5746 14
      vertex -21.8126 25.3179 14
      vertex -21.5668 25.1023 14
    endloop
  endfacet
  facet normal -0 0 1
    outer loop
      vertex -22.5 38.9711 14
      vertex -21.8126 25.3179 14
      vertex -17.2208 41.5746 14
    endloop
  endfacet
  facet normal 0 0 1
    outer loop
      vertex -21.8126 25.3179 14
      vertex -22.5 38.9711 14
      vertex -22.0845 25.4996 14
    endloop
  endfacet
  facet normal 0 0 1
    outer loop
      vertex -22.0845 25.4996 14
      vertex -22.5 38.9711 14
      vertex -22.3778 25.6442 14
    endloop
  endfacet
  facet normal 0 0 1
    outer loop
      vertex -22.5 38.9711 14
      vertex -22.6875 25.7493 14
      vertex -22.3778 25.6442 14
    endloop
  endfacet
  facet normal 0 0 1
    outer loop
      vertex -22.5 38.9711 14
      vertex -23.0082 25.8131 14
      vertex -22.6875 25.7493 14
    endloop
  endfacet
  facet normal -0 0 1
    outer loop
      vertex -27.3943 35.7009 14
      vertex -23.0082 25.8131 14
      vertex -22.5 38.9711 14
    endloop
  endfacet
  facet normal 0 0 1
    outer loop
      vertex -23.0082 25.8131 14
      vertex -27.3943 35.7009 14
      vertex -23.3345 25.8345 14
    endloop
  endfacet
  facet normal 0 0 1
    outer loop
      vertex -23.3345 25.8345 14
      vertex -27.3943 35.7009 14
      vertex -23.6608 25.8131 14
    endloop
  endfacet
  facet normal 0 0 1
    outer loop
      vertex -23.6608 25.8131 14
      vertex -27.3943 35.7009 14
      vertex -23.9816 25.7493 14
    endloop
  endfacet
  facet normal 0 0 1
    outer loop
      vertex -23.9816 25.7493 14
      vertex -27.3943 35.7009 14
      vertex -24.2912 25.6442 14
    endloop
  endfacet
  facet normal -0 0 1
    outer loop
      vertex -31.8198 31.8198 14
      vertex -24.2912 25.6442 14
      vertex -27.3943 35.7009 14
    endloop
  endfacet
  facet normal 0 0 1
    outer loop
      vertex -24.2912 25.6442 14
      vertex -31.8198 31.8198 14
      vertex -24.5845 25.4996 14
    endloop
  endfacet
  facet normal 0 0 1
    outer loop
      vertex -24.5845 25.4996 14
      vertex -31.8198 31.8198 14
      vertex -24.8564 25.3179 14
    endloop
  endfacet
  facet normal 0 0 1
    outer loop
      vertex -24.8564 25.3179 14
      vertex -31.8198 31.8198 14
      vertex -25.1023 25.1023 14
    endloop
  endfacet
  facet normal 0 0 1
    outer loop
      vertex -25.1023 25.1023 14
      vertex -31.8198 31.8198 14
      vertex -25.3179 24.8564 14
    endloop
  endfacet
  facet normal 0 0 1
    outer loop
      vertex -25.3179 24.8564 14
      vertex -31.8198 31.8198 14
      vertex -25.4996 24.5845 14
    endloop
  endfacet
  facet normal 0 0 1
    outer loop
      vertex -25.7493 23.9816 14
      vertex -35.7009 27.3943 14
      vertex -25.8131 23.6608 14
    endloop
  endfacet
  facet normal 0 0 1
    outer loop
      vertex -25.6442 24.2912 14
      vertex -35.7009 27.3943 14
      vertex -25.7493 23.9816 14
    endloop
  endfacet
  facet normal -0 0 1
    outer loop
      vertex -35.7009 27.3943 14
      vertex -25.6442 24.2912 14
      vertex -31.8198 31.8198 14
    endloop
  endfacet
  facet normal 0 0 1
    outer loop
      vertex -25.4996 24.5845 14
      vertex -31.8198 31.8198 14
      vertex -25.6442 24.2912 14
    endloop
  endfacet
  facet normal -0.19508 -0.980787 0
    outer loop
      vertex -11.6469 -43.4667 0
      vertex -5.87368 -44.615 14
      vertex -11.6469 -43.4667 14
    endloop
  endfacet
  facet normal -0.19508 -0.980787 -0
    outer loop
      vertex -5.87368 -44.615 14
      vertex -11.6469 -43.4667 0
      vertex -5.87368 -44.615 0
    endloop
  endfacet
  facet normal -0.831475 0.555562 0
    outer loop
      vertex -38.9711 22.5 0
      vertex -35.7009 27.3943 14
      vertex -35.7009 27.3943 0
    endloop
  endfacet
  facet normal -0.831475 0.555562 0
    outer loop
      vertex -35.7009 27.3943 14
      vertex -38.9711 22.5 0
      vertex -38.9711 22.5 14
    endloop
  endfacet
  facet normal -0.0654063 -0.997859 0
    outer loop
      vertex -5.87368 -44.615 0
      vertex 0 -45 14
      vertex -5.87368 -44.615 14
    endloop
  endfacet
  facet normal -0.0654063 -0.997859 -0
    outer loop
      vertex 0 -45 14
      vertex -5.87368 -44.615 0
      vertex 0 -45 0
    endloop
  endfacet
  facet normal 1 0 0
    outer loop
      vertex -30 -15 470
      vertex -30 -264 440
      vertex -30 -15 440
    endloop
  endfacet
  facet normal 1 -0 0
    outer loop
      vertex -30 -294 470
      vertex -30 -264 440
      vertex -30 -15 470
    endloop
  endfacet
  facet normal 1 0 0
    outer loop
      vertex -30 -294 0
      vertex -30 -264 440
      vertex -30 -294 470
    endloop
  endfacet
  facet normal 1 0 0
    outer loop
      vertex -30 -264 440
      vertex -30 -294 0
      vertex -30 -264 0
    endloop
  endfacet
  facet normal 1 0 0
    outer loop
      vertex -30 294 470
      vertex -30 264 440
      vertex -30 294 0
    endloop
  endfacet
  facet normal 1 -0 0
    outer loop
      vertex -30 15 470
      vertex -30 264 440
      vertex -30 294 470
    endloop
  endfacet
  facet normal 1 0 0
    outer loop
      vertex -30 264 440
      vertex -30 15 470
      vertex -30 15 440
    endloop
  endfacet
  facet normal 1 0 0
    outer loop
      vertex -30 294 0
      vertex -30 264 440
      vertex -30 264 0
    endloop
  endfacet
  facet normal -0 0 1
    outer loop
      vertex -60 294 470
      vertex -30 15 470
      vertex -30 294 470
    endloop
  endfacet
  facet normal 0 0 1
    outer loop
      vertex -30 15 470
      vertex -60 294 470
      vertex -30 -15 470
    endloop
  endfacet
  facet normal 0 0 1
    outer loop
      vertex -60 -294 470
      vertex -30 -15 470
      vertex -60 294 470
    endloop
  endfacet
  facet normal 0 0 1
    outer loop
      vertex -30 -15 470
      vertex -60 -294 470
      vertex -30 -294 470
    endloop
  endfacet
  facet normal -0 0 1
    outer loop
      vertex -30 15 470
      vertex 190 -15 470
      vertex 190 15 470
    endloop
  endfacet
  facet normal 0 0 1
    outer loop
      vertex 190 -15 470
      vertex -30 15 470
      vertex -30 -15 470
    endloop
  endfacet
  facet normal -1 0 0
    outer loop
      vertex -60 300 -18
      vertex -60 294 0
      vertex -60 300 0
    endloop
  endfacet
  facet normal -1 0 0
    outer loop
      vertex -60 264 440
      vertex -60 294 0
      vertex -60 264 0
    endloop
  endfacet
  facet normal -1 0 0
    outer loop
      vertex -60 300 -18
      vertex -60 264 0
      vertex -60 294 0
    endloop
  endfacet
  facet normal -1 0 0
    outer loop
      vertex -60 300 -18
      vertex -60 -264 0
      vertex -60 264 0
    endloop
  endfacet
  facet normal -1 0 0
    outer loop
      vertex -60 -264 0
      vertex -60 -294 0
      vertex -60 -264 440
    endloop
  endfacet
  facet normal -1 0 0
    outer loop
      vertex -60 -300 -18
      vertex -60 -264 0
      vertex -60 300 -18
    endloop
  endfacet
  facet normal -1 -0 0
    outer loop
      vertex -60 -264 0
      vertex -60 -300 -18
      vertex -60 -294 0
    endloop
  endfacet
  facet normal -1 -0 0
    outer loop
      vertex -60 -294 0
      vertex -60 -300 -18
      vertex -60 -300 0
    endloop
  endfacet
  facet normal -1 0 0
    outer loop
      vertex -60 294 0
      vertex -60 264 440
      vertex -60 294 470
    endloop
  endfacet
  facet normal -1 0 0
    outer loop
      vertex -60 -264 440
      vertex -60 294 470
      vertex -60 264 440
    endloop
  endfacet
  facet normal -1 0 0
    outer loop
      vertex -60 -264 440
      vertex -60 -294 470
      vertex -60 294 470
    endloop
  endfacet
  facet normal -1 0 0
    outer loop
      vertex -60 -294 470
      vertex -60 -264 440
      vertex -60 -294 0
    endloop
  endfacet
  facet normal 0 1 -0
    outer loop
      vertex -30 -264 0
      vertex -60 -264 440
      vertex -30 -264 440
    endloop
  endfacet
  facet normal 0 1 0
    outer loop
      vertex -60 -264 440
      vertex -30 -264 0
      vertex -60 -264 0
    endloop
  endfacet
  facet normal 0 -1 0
    outer loop
      vertex -60 -294 0
      vertex -30 -294 470
      vertex -60 -294 470
    endloop
  endfacet
  facet normal 0 -1 -0
    outer loop
      vertex -30 -294 470
      vertex -60 -294 0
      vertex -30 -294 0
    endloop
  endfacet
  facet normal 0 1 -0
    outer loop
      vertex -30 294 0
      vertex -60 294 470
      vertex -30 294 470
    endloop
  endfacet
  facet normal 0 1 0
    outer loop
      vertex -60 294 470
      vertex -30 294 0
      vertex -60 294 0
    endloop
  endfacet
  facet normal 0 -1 0
    outer loop
      vertex -60 264 0
      vertex -30 264 440
      vertex -60 264 440
    endloop
  endfacet
  facet normal 0 -1 -0
    outer loop
      vertex -30 264 440
      vertex -60 264 0
      vertex -30 264 0
    endloop
  endfacet
  facet normal 0 0 -1
    outer loop
      vertex -60 -264 440
      vertex -30 -15 440
      vertex -30 -264 440
    endloop
  endfacet
  facet normal -0 0 -1
    outer loop
      vertex -30 -15 440
      vertex -60 -264 440
      vertex -30 15 440
    endloop
  endfacet
  facet normal 0 0 -1
    outer loop
      vertex -60 264 440
      vertex -30 15 440
      vertex -60 -264 440
    endloop
  endfacet
  facet normal 0 0 -1
    outer loop
      vertex -30 15 440
      vertex -60 264 440
      vertex -30 264 440
    endloop
  endfacet
  facet normal 0 0 -1
    outer loop
      vertex -30 -15 440
      vertex 145 15 440
      vertex 145 -15 440
    endloop
  endfacet
  facet normal -0 0 -1
    outer loop
      vertex 145 15 440
      vertex -30 -15 440
      vertex -30 15 440
    endloop
  endfacet
  facet normal 0 0 1
    outer loop
      vertex 235 45 440
      vertex 190 15 440
      vertex 235 -45 440
    endloop
  endfacet
  facet normal -0 0 1
    outer loop
      vertex 145 45 440
      vertex 190 15 440
      vertex 235 45 440
    endloop
  endfacet
  facet normal 0 0 1
    outer loop
      vertex 190 15 440
      vertex 145 45 440
      vertex 145 15 440
    endloop
  endfacet
  facet normal -0 0 1
    outer loop
      vertex 190 -15 440
      vertex 235 -45 440
      vertex 190 15 440
    endloop
  endfacet
  facet normal 0 0 1
    outer loop
      vertex 145 -45 440
      vertex 190 -15 440
      vertex 145 -15 440
    endloop
  endfacet
  facet normal 0 0 1
    outer loop
      vertex 190 -15 440
      vertex 145 -45 440
      vertex 235 -45 440
    endloop
  endfacet
  facet normal 1 -0 0
    outer loop
      vertex 190 -15 470
      vertex 190 15 440
      vertex 190 15 470
    endloop
  endfacet
  facet normal 1 0 0
    outer loop
      vertex 190 15 440
      vertex 190 -15 470
      vertex 190 -15 440
    endloop
  endfacet
  facet normal 0 1 0
    outer loop
      vertex 145 15 440
      vertex 190 15 470
      vertex 190 15 440
    endloop
  endfacet
  facet normal 0 1 0
    outer loop
      vertex 190 15 470
      vertex 145 15 440
      vertex -30 15 470
    endloop
  endfacet
  facet normal 0 1 0
    outer loop
      vertex -30 15 470
      vertex 145 15 440
      vertex -30 15 440
    endloop
  endfacet
  facet normal 0 -1 0
    outer loop
      vertex 145 -15 440
      vertex -30 -15 470
      vertex -30 -15 440
    endloop
  endfacet
  facet normal 0 -1 0
    outer loop
      vertex -30 -15 470
      vertex 145 -15 440
      vertex 190 -15 470
    endloop
  endfacet
  facet normal 0 -1 -0
    outer loop
      vertex 190 -15 470
      vertex 145 -15 440
      vertex 190 -15 440
    endloop
  endfacet
  facet normal 1 -0 0
    outer loop
      vertex 235 -45 440
      vertex 235 45 434
      vertex 235 45 440
    endloop
  endfacet
  facet normal 1 0 0
    outer loop
      vertex 235 45 434
      vertex 235 -45 440
      vertex 235 -45 434
    endloop
  endfacet
  facet normal 0 0 -1
    outer loop
      vertex 235 -45 434
      vertex 203 0 434
      vertex 235 45 434
    endloop
  endfacet
  facet normal 0 0 -1
    outer loop
      vertex 235 -45 434
      vertex 202.889 -1.69684 434
      vertex 203 0 434
    endloop
  endfacet
  facet normal 0 0 -1
    outer loop
      vertex 235 -45 434
      vertex 202.557 -3.36465 434
      vertex 202.889 -1.69684 434
    endloop
  endfacet
  facet normal 0 0 -1
    outer loop
      vertex 235 -45 434
      vertex 202.01 -4.97488 434
      vertex 202.557 -3.36465 434
    endloop
  endfacet
  facet normal 0 0 -1
    outer loop
      vertex 235 -45 434
      vertex 201.258 -6.5 434
      vertex 202.01 -4.97488 434
    endloop
  endfacet
  facet normal 0 0 -1
    outer loop
      vertex 235 -45 434
      vertex 200.314 -7.9139 434
      vertex 201.258 -6.5 434
    endloop
  endfacet
  facet normal 0 0 -1
    outer loop
      vertex 235 -45 434
      vertex 199.192 -9.19239 434
      vertex 200.314 -7.9139 434
    endloop
  endfacet
  facet normal 0 0 -1
    outer loop
      vertex 235 -45 434
      vertex 197.914 -10.3136 434
      vertex 199.192 -9.19239 434
    endloop
  endfacet
  facet normal 0 0 -1
    outer loop
      vertex 235 -45 434
      vertex 196.5 -11.2583 434
      vertex 197.914 -10.3136 434
    endloop
  endfacet
  facet normal 0 0 -1
    outer loop
      vertex 235 -45 434
      vertex 194.975 -12.0104 434
      vertex 196.5 -11.2583 434
    endloop
  endfacet
  facet normal 0 0 -1
    outer loop
      vertex 235 -45 434
      vertex 193.365 -12.557 434
      vertex 194.975 -12.0104 434
    endloop
  endfacet
  facet normal 0 0 -1
    outer loop
      vertex 235 -45 434
      vertex 191.697 -12.8888 434
      vertex 193.365 -12.557 434
    endloop
  endfacet
  facet normal 0 0 -1
    outer loop
      vertex 235 -45 434
      vertex 190 -13 434
      vertex 191.697 -12.8888 434
    endloop
  endfacet
  facet normal 0 0 -1
    outer loop
      vertex 145 -45 434
      vertex 190 -13 434
      vertex 235 -45 434
    endloop
  endfacet
  facet normal -0 0 -1
    outer loop
      vertex 190 -13 434
      vertex 145 -45 434
      vertex 188.303 -12.8888 434
    endloop
  endfacet
  facet normal -0 0 -1
    outer loop
      vertex 188.303 -12.8888 434
      vertex 145 -45 434
      vertex 186.635 -12.557 434
    endloop
  endfacet
  facet normal -0 0 -1
    outer loop
      vertex 186.635 -12.557 434
      vertex 145 -45 434
      vertex 185.025 -12.0104 434
    endloop
  endfacet
  facet normal -0 0 -1
    outer loop
      vertex 177.111 -1.69684 434
      vertex 145 -45 434
      vertex 177 0 434
    endloop
  endfacet
  facet normal -0 0 -1
    outer loop
      vertex 177.443 -3.36465 434
      vertex 145 -45 434
      vertex 177.111 -1.69684 434
    endloop
  endfacet
  facet normal -0 0 -1
    outer loop
      vertex 177.99 -4.97488 434
      vertex 145 -45 434
      vertex 177.443 -3.36465 434
    endloop
  endfacet
  facet normal -0 0 -1
    outer loop
      vertex 178.742 -6.5 434
      vertex 145 -45 434
      vertex 177.99 -4.97488 434
    endloop
  endfacet
  facet normal -0 0 -1
    outer loop
      vertex 179.686 -7.9139 434
      vertex 145 -45 434
      vertex 178.742 -6.5 434
    endloop
  endfacet
  facet normal -0 0 -1
    outer loop
      vertex 180.808 -9.19239 434
      vertex 145 -45 434
      vertex 179.686 -7.9139 434
    endloop
  endfacet
  facet normal -0 0 -1
    outer loop
      vertex 182.086 -10.3136 434
      vertex 145 -45 434
      vertex 180.808 -9.19239 434
    endloop
  endfacet
  facet normal -0 0 -1
    outer loop
      vertex 183.5 -11.2583 434
      vertex 145 -45 434
      vertex 182.086 -10.3136 434
    endloop
  endfacet
  facet normal -0 0 -1
    outer loop
      vertex 185.025 -12.0104 434
      vertex 145 -45 434
      vertex 183.5 -11.2583 434
    endloop
  endfacet
  facet normal 0 0 -1
    outer loop
      vertex 202.889 1.69684 434
      vertex 235 45 434
      vertex 203 0 434
    endloop
  endfacet
  facet normal 0 0 -1
    outer loop
      vertex 202.557 3.36465 434
      vertex 235 45 434
      vertex 202.889 1.69684 434
    endloop
  endfacet
  facet normal 0 0 -1
    outer loop
      vertex 202.01 4.97488 434
      vertex 235 45 434
      vertex 202.557 3.36465 434
    endloop
  endfacet
  facet normal 0 0 -1
    outer loop
      vertex 201.258 6.5 434
      vertex 235 45 434
      vertex 202.01 4.97488 434
    endloop
  endfacet
  facet normal 0 0 -1
    outer loop
      vertex 200.314 7.9139 434
      vertex 235 45 434
      vertex 201.258 6.5 434
    endloop
  endfacet
  facet normal 0 0 -1
    outer loop
      vertex 199.192 9.19239 434
      vertex 235 45 434
      vertex 200.314 7.9139 434
    endloop
  endfacet
  facet normal 0 0 -1
    outer loop
      vertex 197.914 10.3136 434
      vertex 235 45 434
      vertex 199.192 9.19239 434
    endloop
  endfacet
  facet normal 0 0 -1
    outer loop
      vertex 196.5 11.2583 434
      vertex 235 45 434
      vertex 197.914 10.3136 434
    endloop
  endfacet
  facet normal 0 0 -1
    outer loop
      vertex 194.975 12.0104 434
      vertex 235 45 434
      vertex 196.5 11.2583 434
    endloop
  endfacet
  facet normal 0 0 -1
    outer loop
      vertex 193.365 12.557 434
      vertex 235 45 434
      vertex 194.975 12.0104 434
    endloop
  endfacet
  facet normal 0 0 -1
    outer loop
      vertex 191.697 12.8888 434
      vertex 235 45 434
      vertex 193.365 12.557 434
    endloop
  endfacet
  facet normal 0 0 -1
    outer loop
      vertex 190 13 434
      vertex 235 45 434
      vertex 191.697 12.8888 434
    endloop
  endfacet
  facet normal 0 0 -1
    outer loop
      vertex 145 45 434
      vertex 190 13 434
      vertex 188.303 12.8888 434
    endloop
  endfacet
  facet normal 0 0 -1
    outer loop
      vertex 145 45 434
      vertex 188.303 12.8888 434
      vertex 186.635 12.557 434
    endloop
  endfacet
  facet normal 0 0 -1
    outer loop
      vertex 145 45 434
      vertex 186.635 12.557 434
      vertex 185.025 12.0104 434
    endloop
  endfacet
  facet normal 0 0 -1
    outer loop
      vertex 145 45 434
      vertex 185.025 12.0104 434
      vertex 183.5 11.2583 434
    endloop
  endfacet
  facet normal 0 0 -1
    outer loop
      vertex 145 45 434
      vertex 177 0 434
      vertex 145 -45 434
    endloop
  endfacet
  facet normal 0 0 -1
    outer loop
      vertex 177 0 434
      vertex 145 45 434
      vertex 177.111 1.69684 434
    endloop
  endfacet
  facet normal 0 0 -1
    outer loop
      vertex 177.111 1.69684 434
      vertex 145 45 434
      vertex 177.443 3.36465 434
    endloop
  endfacet
  facet normal 0 0 -1
    outer loop
      vertex 177.443 3.36465 434
      vertex 145 45 434
      vertex 177.99 4.97488 434
    endloop
  endfacet
  facet normal 0 0 -1
    outer loop
      vertex 190 13 434
      vertex 145 45 434
      vertex 235 45 434
    endloop
  endfacet
  facet normal 0 0 -1
    outer loop
      vertex 182.086 10.3136 434
      vertex 145 45 434
      vertex 183.5 11.2583 434
    endloop
  endfacet
  facet normal 0 0 -1
    outer loop
      vertex 180.808 9.19239 434
      vertex 145 45 434
      vertex 182.086 10.3136 434
    endloop
  endfacet
  facet normal 0 0 -1
    outer loop
      vertex 179.686 7.9139 434
      vertex 145 45 434
      vertex 180.808 9.19239 434
    endloop
  endfacet
  facet normal 0 0 -1
    outer loop
      vertex 178.742 6.5 434
      vertex 145 45 434
      vertex 179.686 7.9139 434
    endloop
  endfacet
  facet normal 0 0 -1
    outer loop
      vertex 177.99 4.97488 434
      vertex 145 45 434
      vertex 178.742 6.5 434
    endloop
  endfacet
  facet normal -1 0 0
    outer loop
      vertex 145 45 434
      vertex 145 15 440
      vertex 145 45 440
    endloop
  endfacet
  facet normal -1 0 0
    outer loop
      vertex 145 45 434
      vertex 145 -15 440
      vertex 145 15 440
    endloop
  endfacet
  facet normal -1 0 0
    outer loop
      vertex 145 -45 434
      vertex 145 -15 440
      vertex 145 45 434
    endloop
  endfacet
  facet normal -1 -0 0
    outer loop
      vertex 145 -15 440
      vertex 145 -45 434
      vertex 145 -45 440
    endloop
  endfacet
  facet normal 0 1 -0
    outer loop
      vertex 235 45 434
      vertex 145 45 440
      vertex 235 45 440
    endloop
  endfacet
  facet normal 0 1 0
    outer loop
      vertex 145 45 440
      vertex 235 45 434
      vertex 145 45 434
    endloop
  endfacet
  facet normal 0 -1 0
    outer loop
      vertex 145 -45 434
      vertex 235 -45 440
      vertex 145 -45 440
    endloop
  endfacet
  facet normal 0 -1 -0
    outer loop
      vertex 235 -45 440
      vertex 145 -45 434
      vertex 235 -45 434
    endloop
  endfacet
  facet normal 0.0653872 -0.99786 0
    outer loop
      vertex 190 -13 418
      vertex 191.697 -12.8888 434
      vertex 190 -13 434
    endloop
  endfacet
  facet normal 0.0653872 -0.99786 0
    outer loop
      vertex 191.697 -12.8888 434
      vertex 190 -13 418
      vertex 191.697 -12.8888 418
    endloop
  endfacet
  facet normal 0.980757 0.195233 0
    outer loop
      vertex 202.889 1.69684 434
      vertex 202.557 3.36465 418
      vertex 202.557 3.36465 434
    endloop
  endfacet
  facet normal 0.980757 0.195233 0
    outer loop
      vertex 202.557 3.36465 418
      vertex 202.889 1.69684 434
      vertex 202.889 1.69684 418
    endloop
  endfacet
  facet normal 0.997867 0.0652762 0
    outer loop
      vertex 203 0 434
      vertex 202.889 1.69684 418
      vertex 202.889 1.69684 434
    endloop
  endfacet
  facet normal 0.997867 0.0652762 0
    outer loop
      vertex 202.889 1.69684 418
      vertex 203 0 434
      vertex 203 0 418
    endloop
  endfacet
  facet normal 0.980757 -0.195233 0
    outer loop
      vertex 202.557 -3.36465 434
      vertex 202.889 -1.69684 418
      vertex 202.889 -1.69684 434
    endloop
  endfacet
  facet normal 0.980757 -0.195233 0
    outer loop
      vertex 202.889 -1.69684 418
      vertex 202.557 -3.36465 434
      vertex 202.557 -3.36465 418
    endloop
  endfacet
  facet normal 0.946858 -0.321651 0
    outer loop
      vertex 202.01 -4.97488 434
      vertex 202.557 -3.36465 418
      vertex 202.557 -3.36465 434
    endloop
  endfacet
  facet normal 0.946858 -0.321651 0
    outer loop
      vertex 202.557 -3.36465 418
      vertex 202.01 -4.97488 434
      vertex 202.01 -4.97488 418
    endloop
  endfacet
  facet normal -0.195098 -0.980784 0
    outer loop
      vertex 186.635 -12.557 418
      vertex 188.303 -12.8888 434
      vertex 186.635 -12.557 434
    endloop
  endfacet
  facet normal -0.195098 -0.980784 -0
    outer loop
      vertex 188.303 -12.8888 434
      vertex 186.635 -12.557 418
      vertex 188.303 -12.8888 418
    endloop
  endfacet
  facet normal -0.321481 0.946916 0
    outer loop
      vertex 186.635 12.557 418
      vertex 185.025 12.0104 434
      vertex 186.635 12.557 434
    endloop
  endfacet
  facet normal -0.321481 0.946916 0
    outer loop
      vertex 185.025 12.0104 434
      vertex 186.635 12.557 418
      vertex 185.025 12.0104 418
    endloop
  endfacet
  facet normal -0.555528 0.831498 0
    outer loop
      vertex 183.5 11.2583 418
      vertex 182.086 10.3136 434
      vertex 183.5 11.2583 434
    endloop
  endfacet
  facet normal -0.555528 0.831498 0
    outer loop
      vertex 182.086 10.3136 434
      vertex 183.5 11.2583 418
      vertex 182.086 10.3136 418
    endloop
  endfacet
  facet normal 0.896897 0.442239 0
    outer loop
      vertex 202.01 4.97488 434
      vertex 201.258 6.5 418
      vertex 201.258 6.5 434
    endloop
  endfacet
  facet normal 0.896897 0.442239 0
    outer loop
      vertex 201.258 6.5 418
      vertex 202.01 4.97488 434
      vertex 202.01 4.97488 418
    endloop
  endfacet
  facet normal 0.195098 -0.980784 0
    outer loop
      vertex 191.697 -12.8888 418
      vertex 193.365 -12.557 434
      vertex 191.697 -12.8888 434
    endloop
  endfacet
  facet normal 0.195098 -0.980784 0
    outer loop
      vertex 193.365 -12.557 434
      vertex 191.697 -12.8888 418
      vertex 193.365 -12.557 418
    endloop
  endfacet
  facet normal 0.442314 -0.89686 0
    outer loop
      vertex 194.975 -12.0104 418
      vertex 196.5 -11.2583 434
      vertex 194.975 -12.0104 434
    endloop
  endfacet
  facet normal 0.442314 -0.89686 0
    outer loop
      vertex 196.5 -11.2583 434
      vertex 194.975 -12.0104 418
      vertex 196.5 -11.2583 418
    endloop
  endfacet
  facet normal 0.321481 -0.946916 0
    outer loop
      vertex 193.365 -12.557 418
      vertex 194.975 -12.0104 434
      vertex 193.365 -12.557 434
    endloop
  endfacet
  facet normal 0.321481 -0.946916 0
    outer loop
      vertex 194.975 -12.0104 434
      vertex 193.365 -12.557 418
      vertex 194.975 -12.0104 418
    endloop
  endfacet
  facet normal 0.555528 -0.831498 0
    outer loop
      vertex 196.5 -11.2583 418
      vertex 197.914 -10.3136 434
      vertex 196.5 -11.2583 434
    endloop
  endfacet
  facet normal 0.555528 -0.831498 0
    outer loop
      vertex 197.914 -10.3136 434
      vertex 196.5 -11.2583 418
      vertex 197.914 -10.3136 418
    endloop
  endfacet
  facet normal -0.442314 0.89686 0
    outer loop
      vertex 185.025 12.0104 418
      vertex 183.5 11.2583 434
      vertex 185.025 12.0104 434
    endloop
  endfacet
  facet normal -0.442314 0.89686 0
    outer loop
      vertex 183.5 11.2583 434
      vertex 185.025 12.0104 418
      vertex 183.5 11.2583 418
    endloop
  endfacet
  facet normal -0.751608 -0.65961 0
    outer loop
      vertex 180.808 -9.19239 418
      vertex 179.686 -7.9139 434
      vertex 179.686 -7.9139 418
    endloop
  endfacet
  facet normal -0.751608 -0.65961 0
    outer loop
      vertex 179.686 -7.9139 434
      vertex 180.808 -9.19239 418
      vertex 180.808 -9.19239 434
    endloop
  endfacet
  facet normal -0.997867 -0.0652762 0
    outer loop
      vertex 177.111 -1.69684 418
      vertex 177 0 434
      vertex 177 0 418
    endloop
  endfacet
  facet normal -0.997867 -0.0652762 0
    outer loop
      vertex 177 0 434
      vertex 177.111 -1.69684 418
      vertex 177.111 -1.69684 434
    endloop
  endfacet
  facet normal 0.83167 0.55527 0
    outer loop
      vertex 201.258 6.5 434
      vertex 200.314 7.9139 418
      vertex 200.314 7.9139 434
    endloop
  endfacet
  facet normal 0.83167 0.55527 0
    outer loop
      vertex 200.314 7.9139 418
      vertex 201.258 6.5 434
      vertex 201.258 6.5 418
    endloop
  endfacet
  facet normal -0.997867 0.0652762 0
    outer loop
      vertex 177 0 418
      vertex 177.111 1.69684 434
      vertex 177.111 1.69684 418
    endloop
  endfacet
  facet normal -0.997867 0.0652762 0
    outer loop
      vertex 177.111 1.69684 434
      vertex 177 0 418
      vertex 177 0 434
    endloop
  endfacet
  facet normal -0.0653872 -0.99786 0
    outer loop
      vertex 188.303 -12.8888 418
      vertex 190 -13 434
      vertex 188.303 -12.8888 434
    endloop
  endfacet
  facet normal -0.0653872 -0.99786 -0
    outer loop
      vertex 190 -13 434
      vertex 188.303 -12.8888 418
      vertex 190 -13 418
    endloop
  endfacet
  facet normal -0.555528 -0.831498 0
    outer loop
      vertex 182.086 -10.3136 418
      vertex 183.5 -11.2583 434
      vertex 182.086 -10.3136 434
    endloop
  endfacet
  facet normal -0.555528 -0.831498 -0
    outer loop
      vertex 183.5 -11.2583 434
      vertex 182.086 -10.3136 418
      vertex 183.5 -11.2583 418
    endloop
  endfacet
  facet normal -0.980757 0.195233 0
    outer loop
      vertex 177.111 1.69684 418
      vertex 177.443 3.36465 434
      vertex 177.443 3.36465 418
    endloop
  endfacet
  facet normal -0.980757 0.195233 0
    outer loop
      vertex 177.443 3.36465 434
      vertex 177.111 1.69684 418
      vertex 177.111 1.69684 434
    endloop
  endfacet
  facet normal -0.751608 0.65961 0
    outer loop
      vertex 179.686 7.9139 418
      vertex 180.808 9.19239 434
      vertex 180.808 9.19239 418
    endloop
  endfacet
  facet normal -0.751608 0.65961 0
    outer loop
      vertex 180.808 9.19239 434
      vertex 179.686 7.9139 418
      vertex 179.686 7.9139 434
    endloop
  endfacet
  facet normal -0.946858 -0.321651 0
    outer loop
      vertex 177.99 -4.97488 418
      vertex 177.443 -3.36465 434
      vertex 177.443 -3.36465 418
    endloop
  endfacet
  facet normal -0.946858 -0.321651 0
    outer loop
      vertex 177.443 -3.36465 434
      vertex 177.99 -4.97488 418
      vertex 177.99 -4.97488 434
    endloop
  endfacet
  facet normal 0.997867 -0.0652762 0
    outer loop
      vertex 202.889 -1.69684 434
      vertex 203 0 418
      vertex 203 0 434
    endloop
  endfacet
  facet normal 0.997867 -0.0652762 0
    outer loop
      vertex 203 0 418
      vertex 202.889 -1.69684 434
      vertex 202.889 -1.69684 418
    endloop
  endfacet
  facet normal 0.442314 0.89686 -0
    outer loop
      vertex 196.5 11.2583 418
      vertex 194.975 12.0104 434
      vertex 196.5 11.2583 434
    endloop
  endfacet
  facet normal 0.442314 0.89686 0
    outer loop
      vertex 194.975 12.0104 434
      vertex 196.5 11.2583 418
      vertex 194.975 12.0104 418
    endloop
  endfacet
  facet normal 0.751608 0.65961 0
    outer loop
      vertex 200.314 7.9139 434
      vertex 199.192 9.19239 418
      vertex 199.192 9.19239 434
    endloop
  endfacet
  facet normal 0.751608 0.65961 0
    outer loop
      vertex 199.192 9.19239 418
      vertex 200.314 7.9139 434
      vertex 200.314 7.9139 418
    endloop
  endfacet
  facet normal 0.555528 0.831498 -0
    outer loop
      vertex 197.914 10.3136 418
      vertex 196.5 11.2583 434
      vertex 197.914 10.3136 434
    endloop
  endfacet
  facet normal 0.555528 0.831498 0
    outer loop
      vertex 196.5 11.2583 434
      vertex 197.914 10.3136 418
      vertex 196.5 11.2583 418
    endloop
  endfacet
  facet normal 0.896897 -0.442239 0
    outer loop
      vertex 201.258 -6.5 434
      vertex 202.01 -4.97488 418
      vertex 202.01 -4.97488 434
    endloop
  endfacet
  facet normal 0.896897 -0.442239 0
    outer loop
      vertex 202.01 -4.97488 418
      vertex 201.258 -6.5 434
      vertex 201.258 -6.5 418
    endloop
  endfacet
  facet normal 0.83167 -0.55527 0
    outer loop
      vertex 200.314 -7.9139 434
      vertex 201.258 -6.5 418
      vertex 201.258 -6.5 434
    endloop
  endfacet
  facet normal 0.83167 -0.55527 0
    outer loop
      vertex 201.258 -6.5 418
      vertex 200.314 -7.9139 434
      vertex 200.314 -7.9139 418
    endloop
  endfacet
  facet normal -0.83167 0.55527 0
    outer loop
      vertex 178.742 6.5 418
      vertex 179.686 7.9139 434
      vertex 179.686 7.9139 418
    endloop
  endfacet
  facet normal -0.83167 0.55527 0
    outer loop
      vertex 179.686 7.9139 434
      vertex 178.742 6.5 418
      vertex 178.742 6.5 434
    endloop
  endfacet
  facet normal -0.195098 0.980784 0
    outer loop
      vertex 188.303 12.8888 418
      vertex 186.635 12.557 434
      vertex 188.303 12.8888 434
    endloop
  endfacet
  facet normal -0.195098 0.980784 0
    outer loop
      vertex 186.635 12.557 434
      vertex 188.303 12.8888 418
      vertex 186.635 12.557 418
    endloop
  endfacet
  facet normal 0.65949 0.751713 -0
    outer loop
      vertex 199.192 9.19239 418
      vertex 197.914 10.3136 434
      vertex 199.192 9.19239 434
    endloop
  endfacet
  facet normal 0.65949 0.751713 0
    outer loop
      vertex 197.914 10.3136 434
      vertex 199.192 9.19239 418
      vertex 197.914 10.3136 418
    endloop
  endfacet
  facet normal 0.751608 -0.65961 0
    outer loop
      vertex 199.192 -9.19239 434
      vertex 200.314 -7.9139 418
      vertex 200.314 -7.9139 434
    endloop
  endfacet
  facet normal 0.751608 -0.65961 0
    outer loop
      vertex 200.314 -7.9139 418
      vertex 199.192 -9.19239 434
      vertex 199.192 -9.19239 418
    endloop
  endfacet
  facet normal -0.321481 -0.946916 0
    outer loop
      vertex 185.025 -12.0104 418
      vertex 186.635 -12.557 434
      vertex 185.025 -12.0104 434
    endloop
  endfacet
  facet normal -0.321481 -0.946916 -0
    outer loop
      vertex 186.635 -12.557 434
      vertex 185.025 -12.0104 418
      vertex 186.635 -12.557 418
    endloop
  endfacet
  facet normal 0.0653872 0.99786 -0
    outer loop
      vertex 191.697 12.8888 418
      vertex 190 13 434
      vertex 191.697 12.8888 434
    endloop
  endfacet
  facet normal 0.0653872 0.99786 0
    outer loop
      vertex 190 13 434
      vertex 191.697 12.8888 418
      vertex 190 13 418
    endloop
  endfacet
  facet normal -0.83167 -0.55527 0
    outer loop
      vertex 179.686 -7.9139 418
      vertex 178.742 -6.5 434
      vertex 178.742 -6.5 418
    endloop
  endfacet
  facet normal -0.83167 -0.55527 0
    outer loop
      vertex 178.742 -6.5 434
      vertex 179.686 -7.9139 418
      vertex 179.686 -7.9139 434
    endloop
  endfacet
  facet normal -0.65949 0.751713 0
    outer loop
      vertex 182.086 10.3136 418
      vertex 180.808 9.19239 434
      vertex 182.086 10.3136 434
    endloop
  endfacet
  facet normal -0.65949 0.751713 0
    outer loop
      vertex 180.808 9.19239 434
      vertex 182.086 10.3136 418
      vertex 180.808 9.19239 418
    endloop
  endfacet
  facet normal 0.195098 0.980784 -0
    outer loop
      vertex 193.365 12.557 418
      vertex 191.697 12.8888 434
      vertex 193.365 12.557 434
    endloop
  endfacet
  facet normal 0.195098 0.980784 0
    outer loop
      vertex 191.697 12.8888 434
      vertex 193.365 12.557 418
      vertex 191.697 12.8888 418
    endloop
  endfacet
  facet normal -0.896897 0.442239 0
    outer loop
      vertex 177.99 4.97488 418
      vertex 178.742 6.5 434
      vertex 178.742 6.5 418
    endloop
  endfacet
  facet normal -0.896897 0.442239 0
    outer loop
      vertex 178.742 6.5 434
      vertex 177.99 4.97488 418
      vertex 177.99 4.97488 434
    endloop
  endfacet
  facet normal -0.0653872 0.99786 0
    outer loop
      vertex 190 13 418
      vertex 188.303 12.8888 434
      vertex 190 13 434
    endloop
  endfacet
  facet normal -0.0653872 0.99786 0
    outer loop
      vertex 188.303 12.8888 434
      vertex 190 13 418
      vertex 188.303 12.8888 418
    endloop
  endfacet
  facet normal 0 0 -1
    outer loop
      vertex 202.889 -1.69684 418
      vertex 202.889 1.69684 418
      vertex 203 0 418
    endloop
  endfacet
  facet normal 0 0 -1
    outer loop
      vertex 202.557 -3.36465 418
      vertex 202.889 1.69684 418
      vertex 202.889 -1.69684 418
    endloop
  endfacet
  facet normal 0 0 -1
    outer loop
      vertex 202.557 -3.36465 418
      vertex 202.557 3.36465 418
      vertex 202.889 1.69684 418
    endloop
  endfacet
  facet normal 0 0 -1
    outer loop
      vertex 202.01 -4.97488 418
      vertex 202.557 3.36465 418
      vertex 202.557 -3.36465 418
    endloop
  endfacet
  facet normal 0 0 -1
    outer loop
      vertex 202.01 -4.97488 418
      vertex 202.01 4.97488 418
      vertex 202.557 3.36465 418
    endloop
  endfacet
  facet normal 0 0 -1
    outer loop
      vertex 201.258 -6.5 418
      vertex 202.01 4.97488 418
      vertex 202.01 -4.97488 418
    endloop
  endfacet
  facet normal 0 0 -1
    outer loop
      vertex 201.258 -6.5 418
      vertex 201.258 6.5 418
      vertex 202.01 4.97488 418
    endloop
  endfacet
  facet normal 0 0 -1
    outer loop
      vertex 200.314 -7.9139 418
      vertex 201.258 6.5 418
      vertex 201.258 -6.5 418
    endloop
  endfacet
  facet normal 0 0 -1
    outer loop
      vertex 200.314 -7.9139 418
      vertex 200.314 7.9139 418
      vertex 201.258 6.5 418
    endloop
  endfacet
  facet normal 0 0 -1
    outer loop
      vertex 199.192 -9.19239 418
      vertex 200.314 7.9139 418
      vertex 200.314 -7.9139 418
    endloop
  endfacet
  facet normal 0 0 -1
    outer loop
      vertex 199.192 -9.19239 418
      vertex 199.192 9.19239 418
      vertex 200.314 7.9139 418
    endloop
  endfacet
  facet normal 0 0 -1
    outer loop
      vertex 197.914 -10.3136 418
      vertex 199.192 9.19239 418
      vertex 199.192 -9.19239 418
    endloop
  endfacet
  facet normal 0 0 -1
    outer loop
      vertex 197.914 -10.3136 418
      vertex 197.914 10.3136 418
      vertex 199.192 9.19239 418
    endloop
  endfacet
  facet normal 0 0 -1
    outer loop
      vertex 196.5 -11.2583 418
      vertex 197.914 10.3136 418
      vertex 197.914 -10.3136 418
    endloop
  endfacet
  facet normal 0 0 -1
    outer loop
      vertex 196.5 -11.2583 418
      vertex 196.5 11.2583 418
      vertex 197.914 10.3136 418
    endloop
  endfacet
  facet normal 0 0 -1
    outer loop
      vertex 194.975 -12.0104 418
      vertex 196.5 11.2583 418
      vertex 196.5 -11.2583 418
    endloop
  endfacet
  facet normal 0 0 -1
    outer loop
      vertex 194.975 -12.0104 418
      vertex 194.975 12.0104 418
      vertex 196.5 11.2583 418
    endloop
  endfacet
  facet normal 0 0 -1
    outer loop
      vertex 193.365 -12.557 418
      vertex 194.975 12.0104 418
      vertex 194.975 -12.0104 418
    endloop
  endfacet
  facet normal 0 0 -1
    outer loop
      vertex 193.365 -12.557 418
      vertex 193.365 12.557 418
      vertex 194.975 12.0104 418
    endloop
  endfacet
  facet normal 0 0 -1
    outer loop
      vertex 191.697 -12.8888 418
      vertex 193.365 12.557 418
      vertex 193.365 -12.557 418
    endloop
  endfacet
  facet normal 0 0 -1
    outer loop
      vertex 191.697 -12.8888 418
      vertex 191.697 12.8888 418
      vertex 193.365 12.557 418
    endloop
  endfacet
  facet normal 0 0 -1
    outer loop
      vertex 190 -13 418
      vertex 191.697 12.8888 418
      vertex 191.697 -12.8888 418
    endloop
  endfacet
  facet normal 0 0 -1
    outer loop
      vertex 190 -13 418
      vertex 190 13 418
      vertex 191.697 12.8888 418
    endloop
  endfacet
  facet normal 0 0 -1
    outer loop
      vertex 188.303 -12.8888 418
      vertex 190 13 418
      vertex 190 -13 418
    endloop
  endfacet
  facet normal 0 0 -1
    outer loop
      vertex 188.303 -12.8888 418
      vertex 188.303 12.8888 418
      vertex 190 13 418
    endloop
  endfacet
  facet normal 0 0 -1
    outer loop
      vertex 186.635 -12.557 418
      vertex 188.303 12.8888 418
      vertex 188.303 -12.8888 418
    endloop
  endfacet
  facet normal 0 0 -1
    outer loop
      vertex 186.635 -12.557 418
      vertex 186.635 12.557 418
      vertex 188.303 12.8888 418
    endloop
  endfacet
  facet normal 0 0 -1
    outer loop
      vertex 185.025 -12.0104 418
      vertex 186.635 12.557 418
      vertex 186.635 -12.557 418
    endloop
  endfacet
  facet normal 0 0 -1
    outer loop
      vertex 185.025 -12.0104 418
      vertex 185.025 12.0104 418
      vertex 186.635 12.557 418
    endloop
  endfacet
  facet normal 0 0 -1
    outer loop
      vertex 183.5 -11.2583 418
      vertex 185.025 12.0104 418
      vertex 185.025 -12.0104 418
    endloop
  endfacet
  facet normal 0 0 -1
    outer loop
      vertex 183.5 -11.2583 418
      vertex 183.5 11.2583 418
      vertex 185.025 12.0104 418
    endloop
  endfacet
  facet normal 0 0 -1
    outer loop
      vertex 182.086 -10.3136 418
      vertex 183.5 11.2583 418
      vertex 183.5 -11.2583 418
    endloop
  endfacet
  facet normal 0 0 -1
    outer loop
      vertex 182.086 -10.3136 418
      vertex 182.086 10.3136 418
      vertex 183.5 11.2583 418
    endloop
  endfacet
  facet normal 0 0 -1
    outer loop
      vertex 180.808 -9.19239 418
      vertex 182.086 10.3136 418
      vertex 182.086 -10.3136 418
    endloop
  endfacet
  facet normal 0 0 -1
    outer loop
      vertex 180.808 -9.19239 418
      vertex 180.808 9.19239 418
      vertex 182.086 10.3136 418
    endloop
  endfacet
  facet normal 0 0 -1
    outer loop
      vertex 179.686 -7.9139 418
      vertex 180.808 9.19239 418
      vertex 180.808 -9.19239 418
    endloop
  endfacet
  facet normal 0 0 -1
    outer loop
      vertex 179.686 -7.9139 418
      vertex 179.686 7.9139 418
      vertex 180.808 9.19239 418
    endloop
  endfacet
  facet normal 0 0 -1
    outer loop
      vertex 178.742 -6.5 418
      vertex 179.686 7.9139 418
      vertex 179.686 -7.9139 418
    endloop
  endfacet
  facet normal 0 0 -1
    outer loop
      vertex 178.742 -6.5 418
      vertex 178.742 6.5 418
      vertex 179.686 7.9139 418
    endloop
  endfacet
  facet normal 0 0 -1
    outer loop
      vertex 177.99 -4.97488 418
      vertex 178.742 6.5 418
      vertex 178.742 -6.5 418
    endloop
  endfacet
  facet normal 0 0 -1
    outer loop
      vertex 177.99 -4.97488 418
      vertex 177.99 4.97488 418
      vertex 178.742 6.5 418
    endloop
  endfacet
  facet normal 0 0 -1
    outer loop
      vertex 177.443 -3.36465 418
      vertex 177.99 4.97488 418
      vertex 177.99 -4.97488 418
    endloop
  endfacet
  facet normal 0 0 -1
    outer loop
      vertex 177.443 -3.36465 418
      vertex 177.443 3.36465 418
      vertex 177.99 4.97488 418
    endloop
  endfacet
  facet normal 0 0 -1
    outer loop
      vertex 177.111 -1.69684 418
      vertex 177.443 3.36465 418
      vertex 177.443 -3.36465 418
    endloop
  endfacet
  facet normal 0 0 -1
    outer loop
      vertex 177.111 -1.69684 418
      vertex 177.111 1.69684 418
      vertex 177.443 3.36465 418
    endloop
  endfacet
  facet normal 0 -0 -1
    outer loop
      vertex 177.111 1.69684 418
      vertex 177.111 -1.69684 418
      vertex 177 0 418
    endloop
  endfacet
  facet normal -0.980757 -0.195233 0
    outer loop
      vertex 177.443 -3.36465 418
      vertex 177.111 -1.69684 434
      vertex 177.111 -1.69684 418
    endloop
  endfacet
  facet normal -0.980757 -0.195233 0
    outer loop
      vertex 177.111 -1.69684 434
      vertex 177.443 -3.36465 418
      vertex 177.443 -3.36465 434
    endloop
  endfacet
  facet normal 0.321481 0.946916 -0
    outer loop
      vertex 194.975 12.0104 418
      vertex 193.365 12.557 434
      vertex 194.975 12.0104 434
    endloop
  endfacet
  facet normal 0.321481 0.946916 0
    outer loop
      vertex 193.365 12.557 434
      vertex 194.975 12.0104 418
      vertex 193.365 12.557 418
    endloop
  endfacet
  facet normal -0.946858 0.321651 0
    outer loop
      vertex 177.443 3.36465 418
      vertex 177.99 4.97488 434
      vertex 177.99 4.97488 418
    endloop
  endfacet
  facet normal -0.946858 0.321651 0
    outer loop
      vertex 177.99 4.97488 434
      vertex 177.443 3.36465 418
      vertex 177.443 3.36465 434
    endloop
  endfacet
  facet normal 0.946858 0.321651 0
    outer loop
      vertex 202.557 3.36465 434
      vertex 202.01 4.97488 418
      vertex 202.01 4.97488 434
    endloop
  endfacet
  facet normal 0.946858 0.321651 0
    outer loop
      vertex 202.01 4.97488 418
      vertex 202.557 3.36465 434
      vertex 202.557 3.36465 418
    endloop
  endfacet
  facet normal -0.442314 -0.89686 0
    outer loop
      vertex 183.5 -11.2583 418
      vertex 185.025 -12.0104 434
      vertex 183.5 -11.2583 434
    endloop
  endfacet
  facet normal -0.442314 -0.89686 -0
    outer loop
      vertex 185.025 -12.0104 434
      vertex 183.5 -11.2583 418
      vertex 185.025 -12.0104 418
    endloop
  endfacet
  facet normal -0.65949 -0.751713 0
    outer loop
      vertex 180.808 -9.19239 418
      vertex 182.086 -10.3136 434
      vertex 180.808 -9.19239 434
    endloop
  endfacet
  facet normal -0.65949 -0.751713 -0
    outer loop
      vertex 182.086 -10.3136 434
      vertex 180.808 -9.19239 418
      vertex 182.086 -10.3136 418
    endloop
  endfacet
  facet normal -0.896897 -0.442239 0
    outer loop
      vertex 178.742 -6.5 418
      vertex 177.99 -4.97488 434
      vertex 177.99 -4.97488 418
    endloop
  endfacet
  facet normal -0.896897 -0.442239 0
    outer loop
      vertex 177.99 -4.97488 434
      vertex 178.742 -6.5 418
      vertex 178.742 -6.5 434
    endloop
  endfacet
  facet normal 0.65949 -0.751713 0
    outer loop
      vertex 197.914 -10.3136 418
      vertex 199.192 -9.19239 434
      vertex 197.914 -10.3136 434
    endloop
  endfacet
  facet normal 0.65949 -0.751713 0
    outer loop
      vertex 199.192 -9.19239 434
      vertex 197.914 -10.3136 418
      vertex 199.192 -9.19239 418
    endloop
  endfacet
  facet normal -1 0 0
    outer loop
      vertex 327 -163.5 6
      vertex 327 -111.5 22
      vertex 327 -111.5 6
    endloop
  endfacet
  facet normal -1 -0 0
    outer loop
      vertex 327 -111.5 22
      vertex 327 -163.5 6
      vertex 327 -163.5 22
    endloop
  endfacet
  facet normal -0 0 1
    outer loop
      vertex 288 -111.5 6
      vertex 327 -163.5 6
      vertex 327 -111.5 6
    endloop
  endfacet
  facet normal 0 0 1
    outer loop
      vertex 327 -163.5 6
      vertex 288 -111.5 6
      vertex 288 -163.5 6
    endloop
  endfacet
  facet normal 1 -0 0
    outer loop
      vertex 288 -163.5 22
      vertex 288 -111.5 6
      vertex 288 -111.5 22
    endloop
  endfacet
  facet normal 1 0 0
    outer loop
      vertex 288 -111.5 6
      vertex 288 -163.5 22
      vertex 288 -163.5 6
    endloop
  endfacet
  facet normal 0 -1 0
    outer loop
      vertex 288 -111.5 6
      vertex 327 -111.5 22
      vertex 288 -111.5 22
    endloop
  endfacet
  facet normal 0 -1 -0
    outer loop
      vertex 327 -111.5 22
      vertex 288 -111.5 6
      vertex 327 -111.5 6
    endloop
  endfacet
  facet normal 0 1 -0
    outer loop
      vertex 327 -163.5 6
      vertex 288 -163.5 22
      vertex 327 -163.5 22
    endloop
  endfacet
  facet normal 0 1 0
    outer loop
      vertex 288 -163.5 22
      vertex 327 -163.5 6
      vertex 288 -163.5 6
    endloop
  endfacet
  facet normal -1 0 0
    outer loop
      vertex 327 -108.5 6
      vertex 327 -56.5 22
      vertex 327 -56.5 6
    endloop
  endfacet
  facet normal -1 -0 0
    outer loop
      vertex 327 -56.5 22
      vertex 327 -108.5 6
      vertex 327 -108.5 22
    endloop
  endfacet
  facet normal -0 0 1
    outer loop
      vertex 288 -56.5 6
      vertex 327 -108.5 6
      vertex 327 -56.5 6
    endloop
  endfacet
  facet normal 0 0 1
    outer loop
      vertex 327 -108.5 6
      vertex 288 -56.5 6
      vertex 288 -108.5 6
    endloop
  endfacet
  facet normal 1 -0 0
    outer loop
      vertex 288 -108.5 22
      vertex 288 -56.5 6
      vertex 288 -56.5 22
    endloop
  endfacet
  facet normal 1 0 0
    outer loop
      vertex 288 -56.5 6
      vertex 288 -108.5 22
      vertex 288 -108.5 6
    endloop
  endfacet
  facet normal 0 -1 0
    outer loop
      vertex 288 -56.5 6
      vertex 327 -56.5 22
      vertex 288 -56.5 22
    endloop
  endfacet
  facet normal 0 -1 -0
    outer loop
      vertex 327 -56.5 22
      vertex 288 -56.5 6
      vertex 327 -56.5 6
    endloop
  endfacet
  facet normal 0 1 -0
    outer loop
      vertex 327 -108.5 6
      vertex 288 -108.5 22
      vertex 327 -108.5 22
    endloop
  endfacet
  facet normal 0 1 0
    outer loop
      vertex 288 -108.5 22
      vertex 327 -108.5 6
      vertex 288 -108.5 6
    endloop
  endfacet
  facet normal -1 0 0
    outer loop
      vertex 327 -53.5 6
      vertex 327 -1.5 22
      vertex 327 -1.5 6
    endloop
  endfacet
  facet normal -1 -0 0
    outer loop
      vertex 327 -1.5 22
      vertex 327 -53.5 6
      vertex 327 -53.5 22
    endloop
  endfacet
  facet normal -0 0 1
    outer loop
      vertex 288 -1.5 6
      vertex 327 -53.5 6
      vertex 327 -1.5 6
    endloop
  endfacet
  facet normal 0 0 1
    outer loop
      vertex 327 -53.5 6
      vertex 288 -1.5 6
      vertex 288 -53.5 6
    endloop
  endfacet
  facet normal 1 -0 0
    outer loop
      vertex 288 -53.5 22
      vertex 288 -1.5 6
      vertex 288 -1.5 22
    endloop
  endfacet
  facet normal 1 0 0
    outer loop
      vertex 288 -1.5 6
      vertex 288 -53.5 22
      vertex 288 -53.5 6
    endloop
  endfacet
  facet normal 0 -1 0
    outer loop
      vertex 288 -1.5 6
      vertex 327 -1.5 22
      vertex 288 -1.5 22
    endloop
  endfacet
  facet normal 0 -1 -0
    outer loop
      vertex 327 -1.5 22
      vertex 288 -1.5 6
      vertex 327 -1.5 6
    endloop
  endfacet
  facet normal 0 1 -0
    outer loop
      vertex 327 -53.5 6
      vertex 288 -53.5 22
      vertex 327 -53.5 22
    endloop
  endfacet
  facet normal 0 1 0
    outer loop
      vertex 288 -53.5 22
      vertex 327 -53.5 6
      vertex 288 -53.5 6
    endloop
  endfacet
  facet normal -1 0 0
    outer loop
      vertex 327 1.5 6
      vertex 327 53.5 22
      vertex 327 53.5 6
    endloop
  endfacet
  facet normal -1 -0 0
    outer loop
      vertex 327 53.5 22
      vertex 327 1.5 6
      vertex 327 1.5 22
    endloop
  endfacet
  facet normal -0 0 1
    outer loop
      vertex 288 53.5 6
      vertex 327 1.5 6
      vertex 327 53.5 6
    endloop
  endfacet
  facet normal 0 0 1
    outer loop
      vertex 327 1.5 6
      vertex 288 53.5 6
      vertex 288 1.5 6
    endloop
  endfacet
  facet normal 1 -0 0
    outer loop
      vertex 288 1.5 22
      vertex 288 53.5 6
      vertex 288 53.5 22
    endloop
  endfacet
  facet normal 1 0 0
    outer loop
      vertex 288 53.5 6
      vertex 288 1.5 22
      vertex 288 1.5 6
    endloop
  endfacet
  facet normal 0 -1 0
    outer loop
      vertex 288 53.5 6
      vertex 327 53.5 22
      vertex 288 53.5 22
    endloop
  endfacet
  facet normal 0 -1 -0
    outer loop
      vertex 327 53.5 22
      vertex 288 53.5 6
      vertex 327 53.5 6
    endloop
  endfacet
  facet normal 0 1 -0
    outer loop
      vertex 327 1.5 6
      vertex 288 1.5 22
      vertex 327 1.5 22
    endloop
  endfacet
  facet normal 0 1 0
    outer loop
      vertex 288 1.5 22
      vertex 327 1.5 6
      vertex 288 1.5 6
    endloop
  endfacet
  facet normal -1 0 0
    outer loop
      vertex 327 56.5 6
      vertex 327 108.5 22
      vertex 327 108.5 6
    endloop
  endfacet
  facet normal -1 -0 0
    outer loop
      vertex 327 108.5 22
      vertex 327 56.5 6
      vertex 327 56.5 22
    endloop
  endfacet
  facet normal -0 0 1
    outer loop
      vertex 288 108.5 6
      vertex 327 56.5 6
      vertex 327 108.5 6
    endloop
  endfacet
  facet normal 0 0 1
    outer loop
      vertex 327 56.5 6
      vertex 288 108.5 6
      vertex 288 56.5 6
    endloop
  endfacet
  facet normal 1 -0 0
    outer loop
      vertex 288 56.5 22
      vertex 288 108.5 6
      vertex 288 108.5 22
    endloop
  endfacet
  facet normal 1 0 0
    outer loop
      vertex 288 108.5 6
      vertex 288 56.5 22
      vertex 288 56.5 6
    endloop
  endfacet
  facet normal 0 -1 0
    outer loop
      vertex 288 108.5 6
      vertex 327 108.5 22
      vertex 288 108.5 22
    endloop
  endfacet
  facet normal 0 -1 -0
    outer loop
      vertex 327 108.5 22
      vertex 288 108.5 6
      vertex 327 108.5 6
    endloop
  endfacet
  facet normal 0 1 -0
    outer loop
      vertex 327 56.5 6
      vertex 288 56.5 22
      vertex 327 56.5 22
    endloop
  endfacet
  facet normal 0 1 0
    outer loop
      vertex 288 56.5 22
      vertex 327 56.5 6
      vertex 288 56.5 6
    endloop
  endfacet
  facet normal -1 0 0
    outer loop
      vertex 327 111.5 6
      vertex 327 163.5 22
      vertex 327 163.5 6
    endloop
  endfacet
  facet normal -1 -0 0
    outer loop
      vertex 327 163.5 22
      vertex 327 111.5 6
      vertex 327 111.5 22
    endloop
  endfacet
  facet normal -0 0 1
    outer loop
      vertex 288 163.5 6
      vertex 327 111.5 6
      vertex 327 163.5 6
    endloop
  endfacet
  facet normal 0 0 1
    outer loop
      vertex 327 111.5 6
      vertex 288 163.5 6
      vertex 288 111.5 6
    endloop
  endfacet
  facet normal 1 -0 0
    outer loop
      vertex 288 111.5 22
      vertex 288 163.5 6
      vertex 288 163.5 22
    endloop
  endfacet
  facet normal 1 0 0
    outer loop
      vertex 288 163.5 6
      vertex 288 111.5 22
      vertex 288 111.5 6
    endloop
  endfacet
  facet normal 0 -1 0
    outer loop
      vertex 288 163.5 6
      vertex 327 163.5 22
      vertex 288 163.5 22
    endloop
  endfacet
  facet normal 0 -1 -0
    outer loop
      vertex 327 163.5 22
      vertex 288 163.5 6
      vertex 327 163.5 6
    endloop
  endfacet
  facet normal 0 1 -0
    outer loop
      vertex 327 111.5 6
      vertex 288 111.5 22
      vertex 327 111.5 22
    endloop
  endfacet
  facet normal 0 1 0
    outer loop
      vertex 288 111.5 22
      vertex 327 111.5 6
      vertex 288 111.5 6
    endloop
  endfacet
  facet normal 1 -0 0
    outer loop
      vertex 330 -166.5 22
      vertex 330 166.5 0
      vertex 330 166.5 22
    endloop
  endfacet
  facet normal 1 0 0
    outer loop
      vertex 330 166.5 0
      vertex 330 -166.5 22
      vertex 330 -166.5 0
    endloop
  endfacet
  facet normal -0 0 1
    outer loop
      vertex 288 -108.5 22
      vertex 327 -111.5 22
      vertex 327 -108.5 22
    endloop
  endfacet
  facet normal 0 0 1
    outer loop
      vertex 327 -111.5 22
      vertex 288 -108.5 22
      vertex 288 -111.5 22
    endloop
  endfacet
  facet normal -0 0 1
    outer loop
      vertex 288 -53.5 22
      vertex 327 -56.5 22
      vertex 327 -53.5 22
    endloop
  endfacet
  facet normal 0 0 1
    outer loop
      vertex 327 -56.5 22
      vertex 288 -53.5 22
      vertex 288 -56.5 22
    endloop
  endfacet
  facet normal -0 0 1
    outer loop
      vertex 288 1.5 22
      vertex 327 -1.5 22
      vertex 327 1.5 22
    endloop
  endfacet
  facet normal 0 0 1
    outer loop
      vertex 327 -1.5 22
      vertex 288 1.5 22
      vertex 288 -1.5 22
    endloop
  endfacet
  facet normal -0 0 1
    outer loop
      vertex 288 56.5 22
      vertex 327 53.5 22
      vertex 327 56.5 22
    endloop
  endfacet
  facet normal 0 0 1
    outer loop
      vertex 327 53.5 22
      vertex 288 56.5 22
      vertex 288 53.5 22
    endloop
  endfacet
  facet normal -0 0 1
    outer loop
      vertex 288 111.5 22
      vertex 327 108.5 22
      vertex 327 111.5 22
    endloop
  endfacet
  facet normal 0 0 1
    outer loop
      vertex 327 108.5 22
      vertex 288 111.5 22
      vertex 288 108.5 22
    endloop
  endfacet
  facet normal 0 0 1
    outer loop
      vertex 327 111.5 22
      vertex 330 166.5 22
      vertex 327 163.5 22
    endloop
  endfacet
  facet normal 0 0 1
    outer loop
      vertex 330 166.5 22
      vertex 288 163.5 22
      vertex 327 163.5 22
    endloop
  endfacet
  facet normal 0 0 1
    outer loop
      vertex 285 166.5 22
      vertex 288 111.5 22
      vertex 288 163.5 22
    endloop
  endfacet
  facet normal 0 0 1
    outer loop
      vertex 288 111.5 22
      vertex 285 166.5 22
      vertex 288 108.5 22
    endloop
  endfacet
  facet normal 0 0 1
    outer loop
      vertex 288 108.5 22
      vertex 285 166.5 22
      vertex 288 56.5 22
    endloop
  endfacet
  facet normal 0 0 1
    outer loop
      vertex 288 56.5 22
      vertex 285 166.5 22
      vertex 288 53.5 22
    endloop
  endfacet
  facet normal 0 0 1
    outer loop
      vertex 288 53.5 22
      vertex 285 166.5 22
      vertex 288 1.5 22
    endloop
  endfacet
  facet normal 0 0 1
    outer loop
      vertex 288 1.5 22
      vertex 285 166.5 22
      vertex 288 -1.5 22
    endloop
  endfacet
  facet normal 0 0 1
    outer loop
      vertex 288 -1.5 22
      vertex 285 166.5 22
      vertex 288 -53.5 22
    endloop
  endfacet
  facet normal 0 0 1
    outer loop
      vertex 285 -166.5 22
      vertex 288 -53.5 22
      vertex 285 166.5 22
    endloop
  endfacet
  facet normal 0 0 1
    outer loop
      vertex 288 -53.5 22
      vertex 285 -166.5 22
      vertex 288 -56.5 22
    endloop
  endfacet
  facet normal 0 0 1
    outer loop
      vertex 288 -56.5 22
      vertex 285 -166.5 22
      vertex 288 -108.5 22
    endloop
  endfacet
  facet normal 0 0 1
    outer loop
      vertex 288 -108.5 22
      vertex 285 -166.5 22
      vertex 288 -111.5 22
    endloop
  endfacet
  facet normal -0 0 1
    outer loop
      vertex 285 166.5 22
      vertex 288 163.5 22
      vertex 330 166.5 22
    endloop
  endfacet
  facet normal 0 0 1
    outer loop
      vertex 327 108.5 22
      vertex 330 166.5 22
      vertex 327 111.5 22
    endloop
  endfacet
  facet normal 0 0 1
    outer loop
      vertex 327 56.5 22
      vertex 330 166.5 22
      vertex 327 108.5 22
    endloop
  endfacet
  facet normal 0 0 1
    outer loop
      vertex 327 53.5 22
      vertex 330 166.5 22
      vertex 327 56.5 22
    endloop
  endfacet
  facet normal 0 0 1
    outer loop
      vertex 330 166.5 22
      vertex 327 53.5 22
      vertex 330 -166.5 22
    endloop
  endfacet
  facet normal -0 0 1
    outer loop
      vertex 327 1.5 22
      vertex 330 -166.5 22
      vertex 327 53.5 22
    endloop
  endfacet
  facet normal -0 0 1
    outer loop
      vertex 327 -1.5 22
      vertex 330 -166.5 22
      vertex 327 1.5 22
    endloop
  endfacet
  facet normal -0 0 1
    outer loop
      vertex 327 -53.5 22
      vertex 330 -166.5 22
      vertex 327 -1.5 22
    endloop
  endfacet
  facet normal -0 0 1
    outer loop
      vertex 327 -56.5 22
      vertex 330 -166.5 22
      vertex 327 -53.5 22
    endloop
  endfacet
  facet normal -0 0 1
    outer loop
      vertex 327 -108.5 22
      vertex 330 -166.5 22
      vertex 327 -56.5 22
    endloop
  endfacet
  facet normal -0 0 1
    outer loop
      vertex 327 -111.5 22
      vertex 330 -166.5 22
      vertex 327 -108.5 22
    endloop
  endfacet
  facet normal -0 0 1
    outer loop
      vertex 327 -163.5 22
      vertex 330 -166.5 22
      vertex 327 -111.5 22
    endloop
  endfacet
  facet normal -0 0 1
    outer loop
      vertex 288 -163.5 22
      vertex 330 -166.5 22
      vertex 327 -163.5 22
    endloop
  endfacet
  facet normal 0 0 1
    outer loop
      vertex 288 -163.5 22
      vertex 285 -166.5 22
      vertex 330 -166.5 22
    endloop
  endfacet
  facet normal 0 0 1
    outer loop
      vertex 288 -111.5 22
      vertex 285 -166.5 22
      vertex 288 -163.5 22
    endloop
  endfacet
  facet normal -1 0 0
    outer loop
      vertex 285 132 0
      vertex 285 -132 0
      vertex 285 132 2
    endloop
  endfacet
  facet normal -1 0 0
    outer loop
      vertex 285 132 2
      vertex 285 166.5 22
      vertex 285 166.5 2
    endloop
  endfacet
  facet normal -1 0 0
    outer loop
      vertex 285 -132 2
      vertex 285 132 2
      vertex 285 -132 0
    endloop
  endfacet
  facet normal -1 0 0
    outer loop
      vertex 285 132 2
      vertex 285 -132 2
      vertex 285 166.5 22
    endloop
  endfacet
  facet normal -1 0 0
    outer loop
      vertex 285 -166.5 22
      vertex 285 -132 2
      vertex 285 -166.5 2
    endloop
  endfacet
  facet normal -1 0 0
    outer loop
      vertex 285 -132 2
      vertex 285 -166.5 22
      vertex 285 166.5 22
    endloop
  endfacet
  facet normal 0 1 0
    outer loop
      vertex 330 166.5 22
      vertex 318 166.5 2
      vertex 285 166.5 22
    endloop
  endfacet
  facet normal 0 1 -0
    outer loop
      vertex 330 166.5 0
      vertex 318 166.5 2
      vertex 330 166.5 22
    endloop
  endfacet
  facet normal 0 1 0
    outer loop
      vertex 318 166.5 2
      vertex 330 166.5 0
      vertex 318 166.5 0
    endloop
  endfacet
  facet normal 0 1 0
    outer loop
      vertex 285 166.5 22
      vertex 318 166.5 2
      vertex 285 166.5 2
    endloop
  endfacet
  facet normal 0 -1 0
    outer loop
      vertex 318 -166.5 2
      vertex 285 -166.5 22
      vertex 285 -166.5 2
    endloop
  endfacet
  facet normal 0 -1 0
    outer loop
      vertex 285 -166.5 22
      vertex 318 -166.5 2
      vertex 330 -166.5 22
    endloop
  endfacet
  facet normal 0 -1 0
    outer loop
      vertex 330 -166.5 0
      vertex 318 -166.5 2
      vertex 318 -166.5 0
    endloop
  endfacet
  facet normal 0 -1 0
    outer loop
      vertex 318 -166.5 2
      vertex 330 -166.5 0
      vertex 330 -166.5 22
    endloop
  endfacet
  facet normal 1 0 0
    outer loop
      vertex 88 -132 2
      vertex 88 -147 1.2
      vertex 88 -132 0
    endloop
  endfacet
  facet normal 1 0 0
    outer loop
      vertex 88 -132 2
      vertex 88 -150 1.2
      vertex 88 -147 1.2
    endloop
  endfacet
  facet normal 1 0 0
    outer loop
      vertex 88 -168 0
      vertex 88 -150 1.2
      vertex 88 -168 2
    endloop
  endfacet
  facet normal 1 -0 0
    outer loop
      vertex 88 -168 2
      vertex 88 -150 1.2
      vertex 88 -132 2
    endloop
  endfacet
  facet normal 1 -0 0
    outer loop
      vertex 88 -147 5.72205e-07
      vertex 88 -132 0
      vertex 88 -147 1.2
    endloop
  endfacet
  facet normal 1 -0 0
    outer loop
      vertex 88 -150 5.72205e-07
      vertex 88 -132 0
      vertex 88 -147 5.72205e-07
    endloop
  endfacet
  facet normal 1 0 0
    outer loop
      vertex 88 -150 5.72205e-07
      vertex 88 -168 0
      vertex 88 -132 0
    endloop
  endfacet
  facet normal 1 0 0
    outer loop
      vertex 88 -150 1.2
      vertex 88 -168 0
      vertex 88 -150 5.72205e-07
    endloop
  endfacet
  facet normal -0 0 1
    outer loop
      vertex 52 -132 2
      vertex 88 -168 2
      vertex 88 -132 2
    endloop
  endfacet
  facet normal 0 0 1
    outer loop
      vertex 88 -168 2
      vertex 52 -132 2
      vertex 52 -168 2
    endloop
  endfacet
  facet normal -1 0 0
    outer loop
      vertex 52 -168 0
      vertex 52 -132 2
      vertex 52 -132 0
    endloop
  endfacet
  facet normal -1 -0 0
    outer loop
      vertex 52 -132 2
      vertex 52 -168 0
      vertex 52 -168 2
    endloop
  endfacet
  facet normal 0 1 0
    outer loop
      vertex 88 -132 2
      vertex 73 -132 1.2
      vertex 52 -132 2
    endloop
  endfacet
  facet normal 0 1 -0
    outer loop
      vertex 88 -132 0
      vertex 73 -132 1.2
      vertex 88 -132 2
    endloop
  endfacet
  facet normal 0 1 0
    outer loop
      vertex 73 -132 5.72205e-07
      vertex 88 -132 0
      vertex 70 -132 5.72205e-07
    endloop
  endfacet
  facet normal 0 1 0
    outer loop
      vertex 73 -132 1.2
      vertex 88 -132 0
      vertex 73 -132 5.72205e-07
    endloop
  endfacet
  facet normal 0 1 -0
    outer loop
      vertex 70 -132 1.2
      vertex 52 -132 2
      vertex 73 -132 1.2
    endloop
  endfacet
  facet normal 0 1 0
    outer loop
      vertex 52 -132 0
      vertex 70 -132 1.2
      vertex 70 -132 5.72205e-07
    endloop
  endfacet
  facet normal 0 1 0
    outer loop
      vertex 70 -132 1.2
      vertex 52 -132 0
      vertex 52 -132 2
    endloop
  endfacet
  facet normal 0 1 0
    outer loop
      vertex 52 -132 0
      vertex 70 -132 5.72205e-07
      vertex 88 -132 0
    endloop
  endfacet
  facet normal 0 -1 0
    outer loop
      vertex 52 -168 0
      vertex 88 -168 2
      vertex 52 -168 2
    endloop
  endfacet
  facet normal 0 -1 -0
    outer loop
      vertex 88 -168 2
      vertex 52 -168 0
      vertex 88 -168 0
    endloop
  endfacet
  facet normal 1 0 0
    outer loop
      vertex 88 168 2
      vertex 88 150 1.2
      vertex 88 168 0
    endloop
  endfacet
  facet normal 1 0 0
    outer loop
      vertex 88 168 2
      vertex 88 147 1.2
      vertex 88 150 1.2
    endloop
  endfacet
  facet normal 1 0 0
    outer loop
      vertex 88 132 0
      vertex 88 147 1.2
      vertex 88 132 2
    endloop
  endfacet
  facet normal 1 -0 0
    outer loop
      vertex 88 132 2
      vertex 88 147 1.2
      vertex 88 168 2
    endloop
  endfacet
  facet normal 1 -0 0
    outer loop
      vertex 88 150 5.72205e-07
      vertex 88 168 0
      vertex 88 150 1.2
    endloop
  endfacet
  facet normal 1 -0 0
    outer loop
      vertex 88 147 5.72205e-07
      vertex 88 168 0
      vertex 88 150 5.72205e-07
    endloop
  endfacet
  facet normal 1 0 0
    outer loop
      vertex 88 147 5.72205e-07
      vertex 88 132 0
      vertex 88 168 0
    endloop
  endfacet
  facet normal 1 0 0
    outer loop
      vertex 88 147 1.2
      vertex 88 132 0
      vertex 88 147 5.72205e-07
    endloop
  endfacet
  facet normal -0 0 1
    outer loop
      vertex 52 168 2
      vertex 88 132 2
      vertex 88 168 2
    endloop
  endfacet
  facet normal 0 0 1
    outer loop
      vertex 88 132 2
      vertex 52 168 2
      vertex 52 132 2
    endloop
  endfacet
  facet normal -1 0 0
    outer loop
      vertex 52 132 0
      vertex 52 168 2
      vertex 52 168 0
    endloop
  endfacet
  facet normal -1 -0 0
    outer loop
      vertex 52 168 2
      vertex 52 132 0
      vertex 52 132 2
    endloop
  endfacet
  facet normal 0 1 -0
    outer loop
      vertex 88 168 0
      vertex 52 168 2
      vertex 88 168 2
    endloop
  endfacet
  facet normal 0 1 0
    outer loop
      vertex 52 168 2
      vertex 88 168 0
      vertex 52 168 0
    endloop
  endfacet
  facet normal 0 -1 0
    outer loop
      vertex 52 132 2
      vertex 70 132 1.2
      vertex 88 132 2
    endloop
  endfacet
  facet normal 0 -1 0
    outer loop
      vertex 52 132 0
      vertex 70 132 1.2
      vertex 52 132 2
    endloop
  endfacet
  facet normal 0 -1 -0
    outer loop
      vertex 70 132 5.72205e-07
      vertex 52 132 0
      vertex 73 132 5.72205e-07
    endloop
  endfacet
  facet normal 0 -1 -0
    outer loop
      vertex 70 132 1.2
      vertex 52 132 0
      vertex 70 132 5.72205e-07
    endloop
  endfacet
  facet normal 0 -1 0
    outer loop
      vertex 73 132 1.2
      vertex 88 132 2
      vertex 70 132 1.2
    endloop
  endfacet
  facet normal 0 -1 0
    outer loop
      vertex 88 132 0
      vertex 73 132 1.2
      vertex 73 132 5.72205e-07
    endloop
  endfacet
  facet normal 0 -1 0
    outer loop
      vertex 73 132 1.2
      vertex 88 132 0
      vertex 88 132 2
    endloop
  endfacet
  facet normal 0 -1 0
    outer loop
      vertex 88 132 0
      vertex 73 132 5.72205e-07
      vertex 52 132 0
    endloop
  endfacet
  facet normal 1 -0 0
    outer loop
      vertex 318 166.5 2
      vertex 318 168 0
      vertex 318 168 2
    endloop
  endfacet
  facet normal 1 0 0
    outer loop
      vertex 318 168 0
      vertex 318 166.5 2
      vertex 318 166.5 0
    endloop
  endfacet
  facet normal 0 0 1
    outer loop
      vertex 318 168 2
      vertex 285 166.5 2
      vertex 318 166.5 2
    endloop
  endfacet
  facet normal -0 0 1
    outer loop
      vertex 282 168 2
      vertex 285 166.5 2
      vertex 318 168 2
    endloop
  endfacet
  facet normal 0 0 1
    outer loop
      vertex 282 132 2
      vertex 285 166.5 2
      vertex 282 168 2
    endloop
  endfacet
  facet normal 0 0 1
    outer loop
      vertex 285 166.5 2
      vertex 282 132 2
      vertex 285 132 2
    endloop
  endfacet
  facet normal -1 0 0
    outer loop
      vertex 282 150 1.2
      vertex 282 168 0
      vertex 282 150 5.72205e-07
    endloop
  endfacet
  facet normal -1 0 0
    outer loop
      vertex 282 168 0
      vertex 282 147 5.72205e-07
      vertex 282 150 5.72205e-07
    endloop
  endfacet
  facet normal -1 -0 0
    outer loop
      vertex 282 147 5.72205e-07
      vertex 282 132 0
      vertex 282 147 1.2
    endloop
  endfacet
  facet normal -1 0 0
    outer loop
      vertex 282 132 0
      vertex 282 147 5.72205e-07
      vertex 282 168 0
    endloop
  endfacet
  facet normal -1 0 0
    outer loop
      vertex 282 168 0
      vertex 282 150 1.2
      vertex 282 168 2
    endloop
  endfacet
  facet normal -1 0 0
    outer loop
      vertex 282 147 1.2
      vertex 282 168 2
      vertex 282 150 1.2
    endloop
  endfacet
  facet normal -1 0 0
    outer loop
      vertex 282 147 1.2
      vertex 282 132 2
      vertex 282 168 2
    endloop
  endfacet
  facet normal -1 0 0
    outer loop
      vertex 282 132 2
      vertex 282 147 1.2
      vertex 282 132 0
    endloop
  endfacet
  facet normal 0 1 -0
    outer loop
      vertex 318 168 0
      vertex 282 168 2
      vertex 318 168 2
    endloop
  endfacet
  facet normal 0 1 0
    outer loop
      vertex 282 168 2
      vertex 318 168 0
      vertex 282 168 0
    endloop
  endfacet
  facet normal 0 -1 0
    outer loop
      vertex 282 132 0
      vertex 285 132 2
      vertex 282 132 2
    endloop
  endfacet
  facet normal 0 -1 -0
    outer loop
      vertex 285 132 2
      vertex 282 132 0
      vertex 285 132 0
    endloop
  endfacet
  facet normal 1 -0 0
    outer loop
      vertex 318 -168 2
      vertex 318 -166.5 0
      vertex 318 -166.5 2
    endloop
  endfacet
  facet normal 1 0 0
    outer loop
      vertex 318 -166.5 0
      vertex 318 -168 2
      vertex 318 -168 0
    endloop
  endfacet
  facet normal 0 0 1
    outer loop
      vertex 285 -132 2
      vertex 282 -132 2
      vertex 285 -166.5 2
    endloop
  endfacet
  facet normal -0 0 1
    outer loop
      vertex 285 -166.5 2
      vertex 318 -168 2
      vertex 318 -166.5 2
    endloop
  endfacet
  facet normal 0 0 1
    outer loop
      vertex 285 -166.5 2
      vertex 282 -168 2
      vertex 318 -168 2
    endloop
  endfacet
  facet normal 0 0 1
    outer loop
      vertex 282 -168 2
      vertex 285 -166.5 2
      vertex 282 -132 2
    endloop
  endfacet
  facet normal -1 0 0
    outer loop
      vertex 282 -147 1.2
      vertex 282 -132 0
      vertex 282 -147 5.72205e-07
    endloop
  endfacet
  facet normal -1 0 0
    outer loop
      vertex 282 -132 0
      vertex 282 -150 5.72205e-07
      vertex 282 -147 5.72205e-07
    endloop
  endfacet
  facet normal -1 -0 0
    outer loop
      vertex 282 -150 5.72205e-07
      vertex 282 -168 0
      vertex 282 -150 1.2
    endloop
  endfacet
  facet normal -1 0 0
    outer loop
      vertex 282 -168 0
      vertex 282 -150 5.72205e-07
      vertex 282 -132 0
    endloop
  endfacet
  facet normal -1 0 0
    outer loop
      vertex 282 -132 0
      vertex 282 -147 1.2
      vertex 282 -132 2
    endloop
  endfacet
  facet normal -1 0 0
    outer loop
      vertex 282 -150 1.2
      vertex 282 -132 2
      vertex 282 -147 1.2
    endloop
  endfacet
  facet normal -1 0 0
    outer loop
      vertex 282 -150 1.2
      vertex 282 -168 2
      vertex 282 -132 2
    endloop
  endfacet
  facet normal -1 0 0
    outer loop
      vertex 282 -168 2
      vertex 282 -150 1.2
      vertex 282 -168 0
    endloop
  endfacet
  facet normal 0 1 -0
    outer loop
      vertex 285 -132 0
      vertex 282 -132 2
      vertex 285 -132 2
    endloop
  endfacet
  facet normal 0 1 0
    outer loop
      vertex 282 -132 2
      vertex 285 -132 0
      vertex 282 -132 0
    endloop
  endfacet
  facet normal 0 -1 0
    outer loop
      vertex 282 -168 0
      vertex 318 -168 2
      vertex 282 -168 2
    endloop
  endfacet
  facet normal 0 -1 -0
    outer loop
      vertex 318 -168 2
      vertex 282 -168 0
      vertex 318 -168 0
    endloop
  endfacet
  facet normal -0 0 1
    outer loop
      vertex 70 132 1.2
      vertex 73 -132 1.2
      vertex 73 132 1.2
    endloop
  endfacet
  facet normal 0 0 1
    outer loop
      vertex 73 -132 1.2
      vertex 70 132 1.2
      vertex 70 -132 1.2
    endloop
  endfacet
  facet normal -0 0 1
    outer loop
      vertex 88 150 1.2
      vertex 282 147 1.2
      vertex 282 150 1.2
    endloop
  endfacet
  facet normal 0 0 1
    outer loop
      vertex 282 147 1.2
      vertex 88 150 1.2
      vertex 88 147 1.2
    endloop
  endfacet
  facet normal -0 0 1
    outer loop
      vertex 88 -147 1.2
      vertex 282 -150 1.2
      vertex 282 -147 1.2
    endloop
  endfacet
  facet normal 0 0 1
    outer loop
      vertex 282 -150 1.2
      vertex 88 -147 1.2
      vertex 88 -150 1.2
    endloop
  endfacet
  facet normal 0 0 -1
    outer loop
      vertex 70 -132 5.72205e-07
      vertex 73 132 5.72205e-07
      vertex 73 -132 5.72205e-07
    endloop
  endfacet
  facet normal -0 0 -1
    outer loop
      vertex 73 132 5.72205e-07
      vertex 70 -132 5.72205e-07
      vertex 70 132 5.72205e-07
    endloop
  endfacet
  facet normal 0 0 -1
    outer loop
      vertex 88 147 5.72205e-07
      vertex 282 150 5.72205e-07
      vertex 282 147 5.72205e-07
    endloop
  endfacet
  facet normal -0 0 -1
    outer loop
      vertex 282 150 5.72205e-07
      vertex 88 147 5.72205e-07
      vertex 88 150 5.72205e-07
    endloop
  endfacet
  facet normal 0 0 -1
    outer loop
      vertex 88 -150 5.72205e-07
      vertex 282 -147 5.72205e-07
      vertex 282 -150 5.72205e-07
    endloop
  endfacet
  facet normal -0 0 -1
    outer loop
      vertex 282 -147 5.72205e-07
      vertex 88 -150 5.72205e-07
      vertex 88 -147 5.72205e-07
    endloop
  endfacet
  facet normal -1 0 0
    outer loop
      vertex 70 -132 5.72205e-07
      vertex 70 132 1.2
      vertex 70 132 5.72205e-07
    endloop
  endfacet
  facet normal -1 -0 0
    outer loop
      vertex 70 132 1.2
      vertex 70 -132 5.72205e-07
      vertex 70 -132 1.2
    endloop
  endfacet
  facet normal 0 1 -0
    outer loop
      vertex 282 150 5.72205e-07
      vertex 88 150 1.2
      vertex 282 150 1.2
    endloop
  endfacet
  facet normal 0 1 0
    outer loop
      vertex 88 150 1.2
      vertex 282 150 5.72205e-07
      vertex 88 150 5.72205e-07
    endloop
  endfacet
  facet normal 0 -1 0
    outer loop
      vertex 88 -150 5.72205e-07
      vertex 282 -150 1.2
      vertex 88 -150 1.2
    endloop
  endfacet
  facet normal 0 -1 -0
    outer loop
      vertex 282 -150 1.2
      vertex 88 -150 5.72205e-07
      vertex 282 -150 5.72205e-07
    endloop
  endfacet
  facet normal 1 -0 0
    outer loop
      vertex 73 -132 1.2
      vertex 73 132 5.72205e-07
      vertex 73 132 1.2
    endloop
  endfacet
  facet normal 1 0 0
    outer loop
      vertex 73 132 5.72205e-07
      vertex 73 -132 1.2
      vertex 73 -132 5.72205e-07
    endloop
  endfacet
  facet normal 0 -1 0
    outer loop
      vertex 88 147 5.72205e-07
      vertex 282 147 1.2
      vertex 88 147 1.2
    endloop
  endfacet
  facet normal 0 -1 -0
    outer loop
      vertex 282 147 1.2
      vertex 88 147 5.72205e-07
      vertex 282 147 5.72205e-07
    endloop
  endfacet
  facet normal 0 1 -0
    outer loop
      vertex 282 -147 5.72205e-07
      vertex 88 -147 1.2
      vertex 282 -147 1.2
    endloop
  endfacet
  facet normal 0 1 0
    outer loop
      vertex 88 -147 1.2
      vertex 282 -147 5.72205e-07
      vertex 88 -147 5.72205e-07
    endloop
  endfacet
  facet normal 1 -0 0
    outer loop
      vertex 340 -300 0
      vertex 340 300 -18
      vertex 340 300 0
    endloop
  endfacet
  facet normal 1 0 0
    outer loop
      vertex 340 300 -18
      vertex 340 -300 0
      vertex 340 -300 -18
    endloop
  endfacet
  facet normal 0 1 -0
    outer loop
      vertex 340 300 -18
      vertex -60 300 0
      vertex 340 300 0
    endloop
  endfacet
  facet normal 0 1 0
    outer loop
      vertex -60 300 0
      vertex 340 300 -18
      vertex -60 300 -18
    endloop
  endfacet
  facet normal 0 -1 0
    outer loop
      vertex -60 -300 -18
      vertex 340 -300 0
      vertex -60 -300 0
    endloop
  endfacet
  facet normal 0 -1 -0
    outer loop
      vertex 340 -300 0
      vertex -60 -300 -18
      vertex 340 -300 -18
    endloop
  endfacet
endsolid OpenSCAD_Model
